exchange,market_id,event_id,event_title,team,opponent,yes_price,volume,game_date,close_time,url
kalshi,KXNFLGAME-26SEP10SFLAR-LAR,KXNFLGAME-26SEP10SFLAR,San Francisco vs Los Angeles R,rams,49ers,0.65,2719538.38,2026-09-10,2026-09-13T00:35:00+00:00,https://kalshi.com/markets/kxnflgame/kxnflgame-26sep10sflar
kalshi,KXNFLGAME-26SEP10SFLAR-SF,KXNFLGAME-26SEP10SFLAR,San Francisco vs Los Angeles R,49ers,rams,0.36,2758654.05,2026-09-10,2026-09-13T00:35:00+00:00,https://kalshi.com/markets/kxnflgame/kxnflgame-26sep10sflar
kalshi,KXNFLGAME-26SEP13ATLPIT-PIT,KXNFLGAME-26SEP13ATLPIT,Atlanta vs Pittsburgh,steelers,falcons,0.68,233482.73,2026-09-13,2026-09-15T17:00:00+00:00,https://kalshi.com/markets/kxnflgame/kxnflgame-26sep13atlpit
kalshi,KXNFLGAME-26SEP13ATLPIT-ATL,KXNFLGAME-26SEP13ATLPIT,Atlanta vs Pittsburgh,falcons,steelers,0.33,67430.41,2026-09-13,2026-09-15T17:00:00+00:00,https://kalshi.com/markets/kxnflgame/kxnflgame-26sep13atlpit
kalshi,KXNFLGAME-26SEP13BALIND-IND,KXNFLGAME-26SEP13BALIND,Baltimore vs Indianapolis,colts,ravens,0.39,46230.52,2026-09-13,2026-09-15T17:00:00+00:00,https://kalshi.com/markets/kxnflgame/kxnflgame-26sep13balind
kalshi,KXNFLGAME-26SEP13BALIND-BAL,KXNFLGAME-26SEP13BALIND,Baltimore vs Indianapolis,ravens,colts,0.61,107580.31,2026-09-13,2026-09-15T17:00:00+00:00,https://kalshi.com/markets/kxnflgame/kxnflgame-26sep13balind
kalshi,KXNFLGAME-26SEP13BUFHOU-HOU,KXNFLGAME-26SEP13BUFHOU,Buffalo vs Houston,texans,bills,0.49,128428.95,2026-09-13,2026-09-15T17:00:00+00:00,https://kalshi.com/markets/kxnflgame/kxnflgame-26sep13bufhou
kalshi,KXNFLGAME-26SEP13BUFHOU-BUF,KXNFLGAME-26SEP13BUFHOU,Buffalo vs Houston,bills,texans,0.52,222675.09,2026-09-13,2026-09-15T17:00:00+00:00,https://kalshi.com/markets/kxnflgame/kxnflgame-26sep13bufhou
kalshi,KXNFLGAME-26SEP13CHICAR-CAR,KXNFLGAME-26SEP13CHICAR,Chicago vs Carolina,panthers,bears,0.4,49569.5,2026-09-13,2026-09-15T17:00:00+00:00,https://kalshi.com/markets/kxnflgame/kxnflgame-26sep13chicar
kalshi,KXNFLGAME-26SEP13CHICAR-CHI,KXNFLGAME-26SEP13CHICAR,Chicago vs Carolina,bears,panthers,0.6,185579.91,2026-09-13,2026-09-15T17:00:00+00:00,https://kalshi.com/markets/kxnflgame/kxnflgame-26sep13chicar
kalshi,KXNFLGAME-26SEP13CLEJAC-JAC,KXNFLGAME-26SEP13CLEJAC,Cleveland vs Jacksonville,jaguars,browns,0.79,107934.0,2026-09-13,2026-09-15T17:00:00+00:00,https://kalshi.com/markets/kxnflgame/kxnflgame-26sep13clejac
kalshi,KXNFLGAME-26SEP13CLEJAC-CLE,KXNFLGAME-26SEP13CLEJAC,Cleveland vs Jacksonville,browns,jaguars,0.22,94196.62,2026-09-13,2026-09-15T17:00:00+00:00,https://kalshi.com/markets/kxnflgame/kxnflgame-26sep13clejac
kalshi,KXNFLGAME-26SEP13NODET-DET,KXNFLGAME-26SEP13NODET,New Orleans vs Detroit,lions,saints,0.75,220237.65,2026-09-13,2026-09-15T17:00:00+00:00,https://kalshi.com/markets/kxnflgame/kxnflgame-26sep13nodet
kalshi,KXNFLGAME-26SEP13NODET-NO,KXNFLGAME-26SEP13NODET,New Orleans vs Detroit,saints,lions,0.26,113839.15,2026-09-13,2026-09-15T17:00:00+00:00,https://kalshi.com/markets/kxnflgame/kxnflgame-26sep13nodet
kalshi,KXNFLGAME-26SEP13NYJTEN-TEN,KXNFLGAME-26SEP13NYJTEN,New York J vs Tennessee,titans,jets,0.52,57366.07,2026-09-13,2026-09-15T17:00:00+00:00,https://kalshi.com/markets/kxnflgame/kxnflgame-26sep13nyjten
kalshi,KXNFLGAME-26SEP13NYJTEN-NYJ,KXNFLGAME-26SEP13NYJTEN,New York J vs Tennessee,jets,titans,0.48,101639.27,2026-09-13,2026-09-15T17:00:00+00:00,https://kalshi.com/markets/kxnflgame/kxnflgame-26sep13nyjten
kalshi,KXNFLGAME-26SEP13TBCIN-CIN,KXNFLGAME-26SEP13TBCIN,Tampa Bay vs Cincinnati,bengals,buccaneers,0.64,30819.13,2026-09-13,2026-09-15T17:00:00+00:00,https://kalshi.com/markets/kxnflgame/kxnflgame-26sep13tbcin
kalshi,KXNFLGAME-26SEP13TBCIN-TB,KXNFLGAME-26SEP13TBCIN,Tampa Bay vs Cincinnati,buccaneers,bengals,0.36,81579.93,2026-09-13,2026-09-15T17:00:00+00:00,https://kalshi.com/markets/kxnflgame/kxnflgame-26sep13tbcin
kalshi,KXNFLGAME-26SEP13ARILAC-LAC,KXNFLGAME-26SEP13ARILAC,Arizona vs Los Angeles C,chargers,cardinals,0.81,156338.69,2026-09-13,2026-09-15T20:25:00+00:00,https://kalshi.com/markets/kxnflgame/kxnflgame-26sep13arilac
kalshi,KXNFLGAME-26SEP13ARILAC-ARI,KXNFLGAME-26SEP13ARILAC,Arizona vs Los Angeles C,cardinals,chargers,0.19,100201.68,2026-09-13,2026-09-15T20:25:00+00:00,https://kalshi.com/markets/kxnflgame/kxnflgame-26sep13arilac
kalshi,KXNFLGAME-26SEP13GBMIN-MIN,KXNFLGAME-26SEP13GBMIN,Green Bay vs Minnesota,vikings,packers,0.54,112773.73,2026-09-13,2026-09-15T20:25:00+00:00,https://kalshi.com/markets/kxnflgame/kxnflgame-26sep13gbmin
kalshi,KXNFLGAME-26SEP13GBMIN-GB,KXNFLGAME-26SEP13GBMIN,Green Bay vs Minnesota,packers,vikings,0.47,270874.92,2026-09-13,2026-09-15T20:25:00+00:00,https://kalshi.com/markets/kxnflgame/kxnflgame-26sep13gbmin
kalshi,KXNFLGAME-26SEP13MIALV-LV,KXNFLGAME-26SEP13MIALV,Miami vs Las Vegas,raiders,dolphins,0.6,71086.09,2026-09-13,2026-09-15T20:25:00+00:00,https://kalshi.com/markets/kxnflgame/kxnflgame-26sep13mialv
kalshi,KXNFLGAME-26SEP13MIALV-MIA,KXNFLGAME-26SEP13MIALV,Miami vs Las Vegas,dolphins,raiders,0.4,86470.35,2026-09-13,2026-09-15T20:25:00+00:00,https://kalshi.com/markets/kxnflgame/kxnflgame-26sep13mialv
kalshi,KXNFLGAME-26SEP13WASPHI-PHI,KXNFLGAME-26SEP13WASPHI,Washington vs Philadelphia,eagles,commanders,0.68,92261.78,2026-09-13,2026-09-15T20:25:00+00:00,https://kalshi.com/markets/kxnflgame/kxnflgame-26sep13wasphi
kalshi,KXNFLGAME-26SEP13WASPHI-WAS,KXNFLGAME-26SEP13WASPHI,Washington vs Philadelphia,commanders,eagles,0.32,79767.33,2026-09-13,2026-09-15T20:25:00+00:00,https://kalshi.com/markets/kxnflgame/kxnflgame-26sep13wasphi
kalshi,KXNFLGAME-26SEP13DALNYG-NYG,KXNFLGAME-26SEP13DALNYG,Dallas vs New York G,giants,cowboys,0.41,147262.67,2026-09-13,2026-09-16T00:20:00+00:00,https://kalshi.com/markets/kxnflgame/kxnflgame-26sep13dalnyg
kalshi,KXNFLGAME-26SEP13DALNYG-DAL,KXNFLGAME-26SEP13DALNYG,Dallas vs New York G,cowboys,giants,0.61,385698.32,2026-09-13,2026-09-16T00:20:00+00:00,https://kalshi.com/markets/kxnflgame/kxnflgame-26sep13dalnyg
kalshi,KXNFLGAME-26SEP14DENKC-KC,KXNFLGAME-26SEP14DENKC,Denver vs Kansas City,chiefs,broncos,0.57,55915.55,2026-09-14,2026-09-17T00:15:00+00:00,https://kalshi.com/markets/kxnflgame/kxnflgame-26sep14denkc
kalshi,KXNFLGAME-26SEP14DENKC-DEN,KXNFLGAME-26SEP14DENKC,Denver vs Kansas City,broncos,chiefs,0.44,279213.14,2026-09-14,2026-09-17T00:15:00+00:00,https://kalshi.com/markets/kxnflgame/kxnflgame-26sep14denkc
kalshi,KXNFLGAME-26SEP17DETBUF-BUF,KXNFLGAME-26SEP17DETBUF,DET Lions vs BUF Bills,bills,lions,0.62,13628.85,2026-09-17,2026-09-20T00:15:00+00:00,https://kalshi.com/markets/kxnflgame/kxnflgame-26sep17detbuf
kalshi,KXNFLGAME-26SEP17DETBUF-DET,KXNFLGAME-26SEP17DETBUF,DET Lions vs BUF Bills,lions,bills,0.4,11592.17,2026-09-17,2026-09-20T00:15:00+00:00,https://kalshi.com/markets/kxnflgame/kxnflgame-26sep17detbuf
kalshi,KXNFLGAME-26SEP20CARATL-ATL,KXNFLGAME-26SEP20CARATL,CAR Panthers vs ATL Falcons,falcons,panthers,0.53,1148.17,2026-09-20,2026-09-22T17:00:00+00:00,https://kalshi.com/markets/kxnflgame/kxnflgame-26sep20caratl
kalshi,KXNFLGAME-26SEP20CARATL-CAR,KXNFLGAME-26SEP20CARATL,CAR Panthers vs ATL Falcons,panthers,falcons,0.49,8900.31,2026-09-20,2026-09-22T17:00:00+00:00,https://kalshi.com/markets/kxnflgame/kxnflgame-26sep20caratl
kalshi,KXNFLGAME-26SEP20CINHOU-HOU,KXNFLGAME-26SEP20CINHOU,CIN Bengals vs HOU Texans,texans,bengals,0.57,2021.57,2026-09-20,2026-09-22T17:00:00+00:00,https://kalshi.com/markets/kxnflgame/kxnflgame-26sep20cinhou
kalshi,KXNFLGAME-26SEP20CINHOU-CIN,KXNFLGAME-26SEP20CINHOU,CIN Bengals vs HOU Texans,bengals,texans,0.44,6373.76,2026-09-20,2026-09-22T17:00:00+00:00,https://kalshi.com/markets/kxnflgame/kxnflgame-26sep20cinhou
kalshi,KXNFLGAME-26SEP20CLETB-TB,KXNFLGAME-26SEP20CLETB,CLE Browns vs TB Buccaneers,buccaneers,browns,0.73,2450.16,2026-09-20,2026-09-22T17:00:00+00:00,https://kalshi.com/markets/kxnflgame/kxnflgame-26sep20cletb
kalshi,KXNFLGAME-26SEP20CLETB-CLE,KXNFLGAME-26SEP20CLETB,CLE Browns vs TB Buccaneers,browns,buccaneers,0.28,2517.13,2026-09-20,2026-09-22T17:00:00+00:00,https://kalshi.com/markets/kxnflgame/kxnflgame-26sep20cletb
kalshi,KXNFLGAME-26SEP20GBNYJ-NYJ,KXNFLGAME-26SEP20GBNYJ,GB Packers vs NY Jets,jets,packers,0.33,1878.87,2026-09-20,2026-09-22T17:00:00+00:00,https://kalshi.com/markets/kxnflgame/kxnflgame-26sep20gbnyj
kalshi,KXNFLGAME-26SEP20GBNYJ-GB,KXNFLGAME-26SEP20GBNYJ,GB Packers vs NY Jets,packers,jets,0.7,2834.65,2026-09-20,2026-09-22T17:00:00+00:00,https://kalshi.com/markets/kxnflgame/kxnflgame-26sep20gbnyj
kalshi,KXNFLGAME-26SEP20MINCHI-CHI,KXNFLGAME-26SEP20MINCHI,MIN Vikings vs CHI Bears,bears,vikings,0.61,7321.42,2026-09-20,2026-09-22T17:00:00+00:00,https://kalshi.com/markets/kxnflgame/kxnflgame-26sep20minchi
kalshi,KXNFLGAME-26SEP20MINCHI-MIN,KXNFLGAME-26SEP20MINCHI,MIN Vikings vs CHI Bears,vikings,bears,0.41,9031.25,2026-09-20,2026-09-22T17:00:00+00:00,https://kalshi.com/markets/kxnflgame/kxnflgame-26sep20minchi
kalshi,KXNFLGAME-26SEP20NOBAL-BAL,KXNFLGAME-26SEP20NOBAL,NO Saints vs BAL Ravens,ravens,saints,0.79,5074.93,2026-09-20,2026-09-22T17:00:00+00:00,https://kalshi.com/markets/kxnflgame/kxnflgame-26sep20nobal
kalshi,KXNFLGAME-26SEP20NOBAL-NO,KXNFLGAME-26SEP20NOBAL,NO Saints vs BAL Ravens,saints,ravens,0.22,7509.79,2026-09-20,2026-09-22T17:00:00+00:00,https://kalshi.com/markets/kxnflgame/kxnflgame-26sep20nobal
kalshi,KXNFLGAME-26SEP20PHITEN-TEN,KXNFLGAME-26SEP20PHITEN,PHI Eagles vs TEN Titans,titans,eagles,0.31,1045.17,2026-09-20,2026-09-22T17:00:00+00:00,https://kalshi.com/markets/kxnflgame/kxnflgame-26sep20phiten
kalshi,KXNFLGAME-26SEP20PHITEN-PHI,KXNFLGAME-26SEP20PHITEN,PHI Eagles vs TEN Titans,eagles,titans,0.71,9659.29,2026-09-20,2026-09-22T17:00:00+00:00,https://kalshi.com/markets/kxnflgame/kxnflgame-26sep20phiten
kalshi,KXNFLGAME-26SEP20PITNE-NE,KXNFLGAME-26SEP20PITNE,PIT Steelers vs NE Patriots,patriots,steelers,0.66,5740.05,2026-09-20,2026-09-22T17:00:00+00:00,https://kalshi.com/markets/kxnflgame/kxnflgame-26sep20pitne
kalshi,KXNFLGAME-26SEP20PITNE-PIT,KXNFLGAME-26SEP20PITNE,PIT Steelers vs NE Patriots,steelers,patriots,0.37,18175.65,2026-09-20,2026-09-22T17:00:00+00:00,https://kalshi.com/markets/kxnflgame/kxnflgame-26sep20pitne
kalshi,KXNFLGAME-26SEP20JACDEN-DEN,KXNFLGAME-26SEP20JACDEN,JAC Jaguars vs DEN Broncos,broncos,jaguars,0.59,2190.28,2026-09-20,2026-09-22T20:05:00+00:00,https://kalshi.com/markets/kxnflgame/kxnflgame-26sep20jacden
kalshi,KXNFLGAME-26SEP20JACDEN-JAC,KXNFLGAME-26SEP20JACDEN,JAC Jaguars vs DEN Broncos,jaguars,broncos,0.43,963.15,2026-09-20,2026-09-22T20:05:00+00:00,https://kalshi.com/markets/kxnflgame/kxnflgame-26sep20jacden
kalshi,KXNFLGAME-26SEP20LVLAC-LAC,KXNFLGAME-26SEP20LVLAC,LV Raiders vs LA Chargers,chargers,raiders,0.8,11504.93,2026-09-20,2026-09-22T20:05:00+00:00,https://kalshi.com/markets/kxnflgame/kxnflgame-26sep20lvlac
kalshi,KXNFLGAME-26SEP20LVLAC-LV,KXNFLGAME-26SEP20LVLAC,LV Raiders vs LA Chargers,raiders,chargers,0.21,13450.36,2026-09-20,2026-09-22T20:05:00+00:00,https://kalshi.com/markets/kxnflgame/kxnflgame-26sep20lvlac
kalshi,KXNFLGAME-26SEP20MIASF-SF,KXNFLGAME-26SEP20MIASF,MIA Dolphins vs SF 49ers,49ers,dolphins,0.87,5562.66,2026-09-20,2026-09-22T20:25:00+00:00,https://kalshi.com/markets/kxnflgame/kxnflgame-26sep20miasf
kalshi,KXNFLGAME-26SEP20MIASF-MIA,KXNFLGAME-26SEP20MIASF,MIA Dolphins vs SF 49ers,dolphins,49ers,0.14,15113.6,2026-09-20,2026-09-22T20:25:00+00:00,https://kalshi.com/markets/kxnflgame/kxnflgame-26sep20miasf
kalshi,KXNFLGAME-26SEP20SEAARI-ARI,KXNFLGAME-26SEP20SEAARI,SEA Seahawks vs ARI Cardinals,cardinals,seahawks,0.27,5089.44,2026-09-20,2026-09-22T20:25:00+00:00,https://kalshi.com/markets/kxnflgame/kxnflgame-26sep20seaari
kalshi,KXNFLGAME-26SEP20SEAARI-SEA,KXNFLGAME-26SEP20SEAARI,SEA Seahawks vs ARI Cardinals,seahawks,cardinals,0.75,4759.28,2026-09-20,2026-09-22T20:25:00+00:00,https://kalshi.com/markets/kxnflgame/kxnflgame-26sep20seaari
kalshi,KXNFLGAME-26SEP20WASDAL-DAL,KXNFLGAME-26SEP20WASDAL,WAS Commanders vs DAL Cowboys,cowboys,commanders,0.67,8401.74,2026-09-20,2026-09-22T20:25:00+00:00,https://kalshi.com/markets/kxnflgame/kxnflgame-26sep20wasdal
kalshi,KXNFLGAME-26SEP20WASDAL-WAS,KXNFLGAME-26SEP20WASDAL,WAS Commanders vs DAL Cowboys,commanders,cowboys,0.35,1824.34,2026-09-20,2026-09-22T20:25:00+00:00,https://kalshi.com/markets/kxnflgame/kxnflgame-26sep20wasdal
kalshi,KXNFLGAME-26SEP20INDKC-KC,KXNFLGAME-26SEP20INDKC,IND Colts vs KC Chiefs,chiefs,colts,0.73,1261.26,2026-09-20,2026-09-23T00:20:00+00:00,https://kalshi.com/markets/kxnflgame/kxnflgame-26sep20indkc
kalshi,KXNFLGAME-26SEP20INDKC-IND,KXNFLGAME-26SEP20INDKC,IND Colts vs KC Chiefs,colts,chiefs,0.28,7360.45,2026-09-20,2026-09-23T00:20:00+00:00,https://kalshi.com/markets/kxnflgame/kxnflgame-26sep20indkc
kalshi,KXNFLGAME-26SEP21NYGLAR-LAR,KXNFLGAME-26SEP21NYGLAR,NY Giants vs LA Rams,rams,giants,0.83,19702.12,2026-09-21,2026-09-24T00:15:00+00:00,https://kalshi.com/markets/kxnflgame/kxnflgame-26sep21nyglar
kalshi,KXNFLGAME-26SEP21NYGLAR-NYG,KXNFLGAME-26SEP21NYGLAR,NY Giants vs LA Rams,giants,rams,0.19,6763.0,2026-09-21,2026-09-24T00:15:00+00:00,https://kalshi.com/markets/kxnflgame/kxnflgame-26sep21nyglar
polymarket,3239630,nfl-sf-la-2026-09-11,49ers vs. Rams,49ers,rams,0.355,271929.22290099994,2026-09-11,2026-09-11T00:35:00+00:00,https://polymarket.com/event/nfl-sf-la-2026-09-11
polymarket,3239630,nfl-sf-la-2026-09-11,49ers vs. Rams,rams,49ers,0.645,271929.22290099994,2026-09-11,2026-09-11T00:35:00+00:00,https://polymarket.com/event/nfl-sf-la-2026-09-11
polymarket,3335123,nfl-dal-nyg-2026-09-14,Cowboys vs. Giants,cowboys,giants,0.605,4560.395022,2026-09-14,2026-09-14T00:20:00+00:00,https://polymarket.com/event/nfl-dal-nyg-2026-09-14
polymarket,3335123,nfl-dal-nyg-2026-09-14,Cowboys vs. Giants,giants,cowboys,0.395,4560.395022,2026-09-14,2026-09-14T00:20:00+00:00,https://polymarket.com/event/nfl-dal-nyg-2026-09-14
polymarket,3335127,nfl-den-kc-2026-09-15,Broncos vs. Chiefs,broncos,chiefs,0.435,13668.984908000002,2026-09-15,2026-09-15T00:15:00+00:00,https://polymarket.com/event/nfl-den-kc-2026-09-15
polymarket,3335127,nfl-den-kc-2026-09-15,Broncos vs. Chiefs,chiefs,broncos,0.565,13668.984908000002,2026-09-15,2026-09-15T00:15:00+00:00,https://polymarket.com/event/nfl-den-kc-2026-09-15
polymarket,3335130,nfl-chi-car-2026-09-13,Bears vs. Panthers,bears,panthers,0.605,6863.765880999999,2026-09-13,2026-09-13T17:00:00+00:00,https://polymarket.com/event/nfl-chi-car-2026-09-13
polymarket,3335130,nfl-chi-car-2026-09-13,Bears vs. Panthers,panthers,bears,0.395,6863.765880999999,2026-09-13,2026-09-13T17:00:00+00:00,https://polymarket.com/event/nfl-chi-car-2026-09-13
polymarket,3335139,nfl-tb-cin-2026-09-13,Buccaneers vs. Bengals,buccaneers,bengals,0.355,2874.723496,2026-09-13,2026-09-13T17:00:00+00:00,https://polymarket.com/event/nfl-tb-cin-2026-09-13
polymarket,3335139,nfl-tb-cin-2026-09-13,Buccaneers vs. Bengals,bengals,buccaneers,0.645,2874.723496,2026-09-13,2026-09-13T17:00:00+00:00,https://polymarket.com/event/nfl-tb-cin-2026-09-13
polymarket,3335144,nfl-no-det-2026-09-13,Saints vs. Lions,saints,lions,0.255,1933.830244,2026-09-13,2026-09-13T17:00:00+00:00,https://polymarket.com/event/nfl-no-det-2026-09-13
polymarket,3335144,nfl-no-det-2026-09-13,Saints vs. Lions,lions,saints,0.745,1933.830244,2026-09-13,2026-09-13T17:00:00+00:00,https://polymarket.com/event/nfl-no-det-2026-09-13
polymarket,3335153,nfl-buf-hou-2026-09-13,Bills vs. Texans,bills,texans,0.515,26091.675184,2026-09-13,2026-09-13T17:00:00+00:00,https://polymarket.com/event/nfl-buf-hou-2026-09-13
polymarket,3335153,nfl-buf-hou-2026-09-13,Bills vs. Texans,texans,bills,0.485,26091.675184,2026-09-13,2026-09-13T17:00:00+00:00,https://polymarket.com/event/nfl-buf-hou-2026-09-13
polymarket,3335164,nfl-bal-ind-2026-09-13,Ravens vs. Colts,ravens,colts,0.605,5733.1238969999995,2026-09-13,2026-09-13T17:00:00+00:00,https://polymarket.com/event/nfl-bal-ind-2026-09-13
polymarket,3335164,nfl-bal-ind-2026-09-13,Ravens vs. Colts,colts,ravens,0.395,5733.1238969999995,2026-09-13,2026-09-13T17:00:00+00:00,https://polymarket.com/event/nfl-bal-ind-2026-09-13
polymarket,3335181,nfl-cle-jax-2026-09-13,Browns vs. Jaguars,browns,jaguars,0.215,6810.622278,2026-09-13,2026-09-13T17:00:00+00:00,https://polymarket.com/event/nfl-cle-jax-2026-09-13
polymarket,3335181,nfl-cle-jax-2026-09-13,Browns vs. Jaguars,jaguars,browns,0.785,6810.622278,2026-09-13,2026-09-13T17:00:00+00:00,https://polymarket.com/event/nfl-cle-jax-2026-09-13
polymarket,3335190,nfl-atl-pit-2026-09-13,Falcons vs. Steelers,falcons,steelers,0.325,27059.889600999995,2026-09-13,2026-09-13T17:00:00+00:00,https://polymarket.com/event/nfl-atl-pit-2026-09-13
polymarket,3335190,nfl-atl-pit-2026-09-13,Falcons vs. Steelers,steelers,falcons,0.675,27059.889600999995,2026-09-13,2026-09-13T17:00:00+00:00,https://polymarket.com/event/nfl-atl-pit-2026-09-13
polymarket,3335193,nfl-nyj-ten-2026-09-13,Jets vs. Titans,jets,titans,0.485,3284.711708,2026-09-13,2026-09-13T17:00:00+00:00,https://polymarket.com/event/nfl-nyj-ten-2026-09-13
polymarket,3335193,nfl-nyj-ten-2026-09-13,Jets vs. Titans,titans,jets,0.515,3284.711708,2026-09-13,2026-09-13T17:00:00+00:00,https://polymarket.com/event/nfl-nyj-ten-2026-09-13
polymarket,3335206,nfl-ari-lac-2026-09-13,Cardinals vs. Chargers,cardinals,chargers,0.195,5970.517209000002,2026-09-13,2026-09-13T20:25:00+00:00,https://polymarket.com/event/nfl-ari-lac-2026-09-13
polymarket,3335206,nfl-ari-lac-2026-09-13,Cardinals vs. Chargers,chargers,cardinals,0.805,5970.517209000002,2026-09-13,2026-09-13T20:25:00+00:00,https://polymarket.com/event/nfl-ari-lac-2026-09-13
polymarket,3335215,nfl-mia-lv-2026-09-13,Dolphins vs. Raiders,dolphins,raiders,0.395,13874.845183000001,2026-09-13,2026-09-13T20:25:00+00:00,https://polymarket.com/event/nfl-mia-lv-2026-09-13
polymarket,3335215,nfl-mia-lv-2026-09-13,Dolphins vs. Raiders,raiders,dolphins,0.605,13874.845183000001,2026-09-13,2026-09-13T20:25:00+00:00,https://polymarket.com/event/nfl-mia-lv-2026-09-13
polymarket,3335219,nfl-gb-min-2026-09-13,Packers vs. Vikings,packers,vikings,0.455,4827.064227,2026-09-13,2026-09-13T20:25:00+00:00,https://polymarket.com/event/nfl-gb-min-2026-09-13
polymarket,3335219,nfl-gb-min-2026-09-13,Packers vs. Vikings,vikings,packers,0.545,4827.064227,2026-09-13,2026-09-13T20:25:00+00:00,https://polymarket.com/event/nfl-gb-min-2026-09-13
polymarket,3335227,nfl-was-phi-2026-09-13,Commanders vs. Eagles,commanders,eagles,0.315,4610.968183999999,2026-09-13,2026-09-13T20:25:00+00:00,https://polymarket.com/event/nfl-was-phi-2026-09-13
polymarket,3335227,nfl-was-phi-2026-09-13,Commanders vs. Eagles,eagles,commanders,0.685,4610.968183999999,2026-09-13,2026-09-13T20:25:00+00:00,https://polymarket.com/event/nfl-was-phi-2026-09-13
polymarket,3398287,nfl-det-buf-2026-09-18,Lions vs. Bills,lions,bills,0.39,714.3,2026-09-18,2026-09-18T00:15:00+00:00,https://polymarket.com/event/nfl-det-buf-2026-09-18
polymarket,3398287,nfl-det-buf-2026-09-18,Lions vs. Bills,bills,lions,0.61,714.3,2026-09-18,2026-09-18T00:15:00+00:00,https://polymarket.com/event/nfl-det-buf-2026-09-18
polymarket,3482561,nfl-car-atl-2026-09-20,Panthers vs. Falcons,panthers,falcons,0.47,,2026-09-20,2026-09-20T17:00:00+00:00,https://polymarket.com/event/nfl-car-atl-2026-09-20
polymarket,3482561,nfl-car-atl-2026-09-20,Panthers vs. Falcons,falcons,panthers,0.53,,2026-09-20,2026-09-20T17:00:00+00:00,https://polymarket.com/event/nfl-car-atl-2026-09-20
polymarket,3482590,nfl-no-bal-2026-09-20,Saints vs. Ravens,saints,ravens,0.22,249.90999999999997,2026-09-20,2026-09-20T17:00:00+00:00,https://polymarket.com/event/nfl-no-bal-2026-09-20
polymarket,3482590,nfl-no-bal-2026-09-20,Saints vs. Ravens,ravens,saints,0.78,249.90999999999997,2026-09-20,2026-09-20T17:00:00+00:00,https://polymarket.com/event/nfl-no-bal-2026-09-20
polymarket,3482612,nfl-min-chi-2026-09-20,Vikings vs. Bears,vikings,bears,0.395,3735.858119,2026-09-20,2026-09-20T17:00:00+00:00,https://polymarket.com/event/nfl-min-chi-2026-09-20
polymarket,3482612,nfl-min-chi-2026-09-20,Vikings vs. Bears,bears,vikings,0.605,3735.858119,2026-09-20,2026-09-20T17:00:00+00:00,https://polymarket.com/event/nfl-min-chi-2026-09-20
polymarket,3482626,nfl-cin-hou-2026-09-20,Bengals vs. Texans,bengals,texans,0.44,36.088302,2026-09-20,2026-09-20T17:00:00+00:00,https://polymarket.com/event/nfl-cin-hou-2026-09-20
polymarket,3482626,nfl-cin-hou-2026-09-20,Bengals vs. Texans,texans,bengals,0.56,36.088302,2026-09-20,2026-09-20T17:00:00+00:00,https://polymarket.com/event/nfl-cin-hou-2026-09-20
polymarket,3482641,nfl-pit-ne-2026-09-20,Steelers vs. Patriots,steelers,patriots,0.345,4.225351,2026-09-20,2026-09-20T17:00:00+00:00,https://polymarket.com/event/nfl-pit-ne-2026-09-20
polymarket,3482641,nfl-pit-ne-2026-09-20,Steelers vs. Patriots,patriots,steelers,0.655,4.225351,2026-09-20,2026-09-20T17:00:00+00:00,https://polymarket.com/event/nfl-pit-ne-2026-09-20
polymarket,3482662,nfl-gb-nyj-2026-09-20,Packers vs. Jets,packers,jets,0.68,162.415518,2026-09-20,2026-09-20T17:00:00+00:00,https://polymarket.com/event/nfl-gb-nyj-2026-09-20
polymarket,3482662,nfl-gb-nyj-2026-09-20,Packers vs. Jets,jets,packers,0.32,162.415518,2026-09-20,2026-09-20T17:00:00+00:00,https://polymarket.com/event/nfl-gb-nyj-2026-09-20
polymarket,3482681,nfl-cle-tb-2026-09-20,Browns vs. Buccaneers,browns,buccaneers,0.27,32.777776,2026-09-20,2026-09-20T17:00:00+00:00,https://polymarket.com/event/nfl-cle-tb-2026-09-20
polymarket,3482681,nfl-cle-tb-2026-09-20,Browns vs. Buccaneers,buccaneers,browns,0.73,32.777776,2026-09-20,2026-09-20T17:00:00+00:00,https://polymarket.com/event/nfl-cle-tb-2026-09-20
polymarket,3482696,nfl-phi-ten-2026-09-20,Eagles vs. Titans,eagles,titans,0.69,,2026-09-20,2026-09-20T17:00:00+00:00,https://polymarket.com/event/nfl-phi-ten-2026-09-20
polymarket,3482696,nfl-phi-ten-2026-09-20,Eagles vs. Titans,titans,eagles,0.31,,2026-09-20,2026-09-20T17:00:00+00:00,https://polymarket.com/event/nfl-phi-ten-2026-09-20
polymarket,3482718,nfl-jax-den-2026-09-20,Jaguars vs. Broncos,jaguars,broncos,0.42,,2026-09-20,2026-09-20T20:05:00+00:00,https://polymarket.com/event/nfl-jax-den-2026-09-20
polymarket,3482718,nfl-jax-den-2026-09-20,Jaguars vs. Broncos,broncos,jaguars,0.58,,2026-09-20,2026-09-20T20:05:00+00:00,https://polymarket.com/event/nfl-jax-den-2026-09-20
polymarket,3482734,nfl-lv-lac-2026-09-20,Raiders vs. Chargers,raiders,chargers,0.2,,2026-09-20,2026-09-20T20:05:00+00:00,https://polymarket.com/event/nfl-lv-lac-2026-09-20
polymarket,3482734,nfl-lv-lac-2026-09-20,Raiders vs. Chargers,chargers,raiders,0.8,,2026-09-20,2026-09-20T20:05:00+00:00,https://polymarket.com/event/nfl-lv-lac-2026-09-20
polymarket,3482749,nfl-sea-ari-2026-09-20,Seahawks vs. Cardinals,seahawks,cardinals,0.745,827.0,2026-09-20,2026-09-20T20:25:00+00:00,https://polymarket.com/event/nfl-sea-ari-2026-09-20
polymarket,3482749,nfl-sea-ari-2026-09-20,Seahawks vs. Cardinals,cardinals,seahawks,0.255,827.0,2026-09-20,2026-09-20T20:25:00+00:00,https://polymarket.com/event/nfl-sea-ari-2026-09-20
polymarket,3482763,nfl-was-dal-2026-09-20,Commanders vs. Cowboys,commanders,cowboys,0.33,,2026-09-20,2026-09-20T20:25:00+00:00,https://polymarket.com/event/nfl-was-dal-2026-09-20
polymarket,3482763,nfl-was-dal-2026-09-20,Commanders vs. Cowboys,cowboys,commanders,0.67,,2026-09-20,2026-09-20T20:25:00+00:00,https://polymarket.com/event/nfl-was-dal-2026-09-20
polymarket,3482771,nfl-mia-sf-2026-09-20,Dolphins vs. 49ers,dolphins,49ers,0.14,913.136358,2026-09-20,2026-09-20T20:25:00+00:00,https://polymarket.com/event/nfl-mia-sf-2026-09-20
polymarket,3482771,nfl-mia-sf-2026-09-20,Dolphins vs. 49ers,49ers,dolphins,0.86,913.136358,2026-09-20,2026-09-20T20:25:00+00:00,https://polymarket.com/event/nfl-mia-sf-2026-09-20
polymarket,3482783,nfl-ind-kc-2026-09-21,Colts vs. Chiefs,colts,chiefs,0.28,,2026-09-21,2026-09-21T00:20:00+00:00,https://polymarket.com/event/nfl-ind-kc-2026-09-21
polymarket,3482783,nfl-ind-kc-2026-09-21,Colts vs. Chiefs,chiefs,colts,0.72,,2026-09-21,2026-09-21T00:20:00+00:00,https://polymarket.com/event/nfl-ind-kc-2026-09-21
polymarket,3512682,nfl-nyg-la-2026-09-22,Giants vs. Rams,giants,rams,0.18,,2026-09-22,2026-09-22T00:15:00+00:00,https://polymarket.com/event/nfl-nyg-la-2026-09-22
polymarket,3512682,nfl-nyg-la-2026-09-22,Giants vs. Rams,rams,giants,0.82,,2026-09-22,2026-09-22T00:15:00+00:00,https://polymarket.com/event/nfl-nyg-la-2026-09-22
polymarket,3580763,nfl-atl-gb-2026-09-25,Falcons vs. Packers,falcons,packers,0.305,4.0,2026-09-25,2026-09-25T00:15:00+00:00,https://polymarket.com/event/nfl-atl-gb-2026-09-25
polymarket,3580763,nfl-atl-gb-2026-09-25,Falcons vs. Packers,packers,falcons,0.695,4.0,2026-09-25,2026-09-25T00:15:00+00:00,https://polymarket.com/event/nfl-atl-gb-2026-09-25
polymarket,3664737,nfl-bal-dal-2026-09-27,Ravens vs. Cowboys,ravens,cowboys,0.555,,2026-09-27,2026-09-27T20:25:00+00:00,https://polymarket.com/event/nfl-bal-dal-2026-09-27
polymarket,3664737,nfl-bal-dal-2026-09-27,Ravens vs. Cowboys,cowboys,ravens,0.445,,2026-09-27,2026-09-27T20:25:00+00:00,https://polymarket.com/event/nfl-bal-dal-2026-09-27
polymarket,3664743,nfl-lac-buf-2026-09-27,Chargers vs. Bills,chargers,bills,0.335,,2026-09-27,2026-09-27T17:00:00+00:00,https://polymarket.com/event/nfl-lac-buf-2026-09-27
polymarket,3664743,nfl-lac-buf-2026-09-27,Chargers vs. Bills,bills,chargers,0.665,,2026-09-27,2026-09-27T17:00:00+00:00,https://polymarket.com/event/nfl-lac-buf-2026-09-27
polymarket,3664753,nfl-car-cle-2026-09-27,Panthers vs. Browns,panthers,browns,0.445,,2026-09-27,2026-09-27T17:00:00+00:00,https://polymarket.com/event/nfl-car-cle-2026-09-27
polymarket,3664753,nfl-car-cle-2026-09-27,Panthers vs. Browns,browns,panthers,0.555,,2026-09-27,2026-09-27T17:00:00+00:00,https://polymarket.com/event/nfl-car-cle-2026-09-27
polymarket,3664764,nfl-nyj-det-2026-09-27,Jets vs. Lions,jets,lions,0.25,,2026-09-27,2026-09-27T17:00:00+00:00,https://polymarket.com/event/nfl-nyj-det-2026-09-27
polymarket,3664764,nfl-nyj-det-2026-09-27,Jets vs. Lions,lions,jets,0.75,,2026-09-27,2026-09-27T17:00:00+00:00,https://polymarket.com/event/nfl-nyj-det-2026-09-27
polymarket,3664769,nfl-hou-ind-2026-09-27,Texans vs. Colts,texans,colts,0.62,,2026-09-27,2026-09-27T17:00:00+00:00,https://polymarket.com/event/nfl-hou-ind-2026-09-27
polymarket,3664769,nfl-hou-ind-2026-09-27,Texans vs. Colts,colts,texans,0.38,,2026-09-27,2026-09-27T17:00:00+00:00,https://polymarket.com/event/nfl-hou-ind-2026-09-27
polymarket,3664775,nfl-ne-jax-2026-09-27,Patriots vs. Jaguars,patriots,jaguars,0.455,,2026-09-27,2026-09-27T17:00:00+00:00,https://polymarket.com/event/nfl-ne-jax-2026-09-27
polymarket,3664775,nfl-ne-jax-2026-09-27,Patriots vs. Jaguars,jaguars,patriots,0.545,,2026-09-27,2026-09-27T17:00:00+00:00,https://polymarket.com/event/nfl-ne-jax-2026-09-27
polymarket,3664783,nfl-kc-mia-2026-09-27,Chiefs vs. Dolphins,chiefs,dolphins,0.67,100.0,2026-09-27,2026-09-27T17:00:00+00:00,https://polymarket.com/event/nfl-kc-mia-2026-09-27
polymarket,3664783,nfl-kc-mia-2026-09-27,Chiefs vs. Dolphins,dolphins,chiefs,0.33,100.0,2026-09-27,2026-09-27T17:00:00+00:00,https://polymarket.com/event/nfl-kc-mia-2026-09-27
polymarket,3664790,nfl-ten-nyg-2026-09-27,Titans vs. Giants,titans,giants,0.35,,2026-09-27,2026-09-27T17:00:00+00:00,https://polymarket.com/event/nfl-ten-nyg-2026-09-27
polymarket,3664790,nfl-ten-nyg-2026-09-27,Titans vs. Giants,giants,titans,0.65,,2026-09-27,2026-09-27T17:00:00+00:00,https://polymarket.com/event/nfl-ten-nyg-2026-09-27
polymarket,3664793,nfl-cin-pit-2026-09-27,Bengals vs. Steelers,bengals,steelers,0.375,,2026-09-27,2026-09-27T17:00:00+00:00,https://polymarket.com/event/nfl-cin-pit-2026-09-27
polymarket,3664793,nfl-cin-pit-2026-09-27,Bengals vs. Steelers,steelers,bengals,0.625,,2026-09-27,2026-09-27T17:00:00+00:00,https://polymarket.com/event/nfl-cin-pit-2026-09-27
polymarket,3664806,nfl-sea-was-2026-09-27,Seahawks vs. Commanders,seahawks,commanders,0.48,,2026-09-27,2026-09-27T17:00:00+00:00,https://polymarket.com/event/nfl-sea-was-2026-09-27
polymarket,3664806,nfl-sea-was-2026-09-27,Seahawks vs. Commanders,commanders,seahawks,0.52,,2026-09-27,2026-09-27T17:00:00+00:00,https://polymarket.com/event/nfl-sea-was-2026-09-27
polymarket,3664817,nfl-ari-sf-2026-09-27,Cardinals vs. 49ers,cardinals,49ers,0.25,,2026-09-27,2026-09-27T20:05:00+00:00,https://polymarket.com/event/nfl-ari-sf-2026-09-27
polymarket,3664817,nfl-ari-sf-2026-09-27,Cardinals vs. 49ers,49ers,cardinals,0.75,,2026-09-27,2026-09-27T20:05:00+00:00,https://polymarket.com/event/nfl-ari-sf-2026-09-27
polymarket,3664825,nfl-min-tb-2026-09-27,Vikings vs. Buccaneers,vikings,buccaneers,0.58,,2026-09-27,2026-09-27T20:05:00+00:00,https://polymarket.com/event/nfl-min-tb-2026-09-27
polymarket,3664825,nfl-min-tb-2026-09-27,Vikings vs. Buccaneers,buccaneers,vikings,0.42,,2026-09-27,2026-09-27T20:05:00+00:00,https://polymarket.com/event/nfl-min-tb-2026-09-27
polymarket,3664830,nfl-lv-no-2026-09-27,Raiders vs. Saints,raiders,saints,0.37,,2026-09-27,2026-09-27T20:25:00+00:00,https://polymarket.com/event/nfl-lv-no-2026-09-27
polymarket,3664830,nfl-lv-no-2026-09-27,Raiders vs. Saints,saints,raiders,0.63,,2026-09-27,2026-09-27T20:25:00+00:00,https://polymarket.com/event/nfl-lv-no-2026-09-27
polymarket,3664837,nfl-la-den-2026-09-28,Rams vs. Broncos,rams,broncos,0.42,,2026-09-28,2026-09-28T00:20:00+00:00,https://polymarket.com/event/nfl-la-den-2026-09-28
polymarket,3664837,nfl-la-den-2026-09-28,Rams vs. Broncos,broncos,rams,0.58,,2026-09-28,2026-09-28T00:20:00+00:00,https://polymarket.com/event/nfl-la-den-2026-09-28
polymarket,3695205,nfl-phi-chi-2026-09-29,Eagles vs. Bears,eagles,bears,0.465,,2026-09-29,2026-09-29T00:15:00+00:00,https://polymarket.com/event/nfl-phi-chi-2026-09-29
polymarket,3695205,nfl-phi-chi-2026-09-29,Eagles vs. Bears,bears,eagles,0.535,,2026-09-29,2026-09-29T00:15:00+00:00,https://polymarket.com/event/nfl-phi-chi-2026-09-29
polymarket,3760412,nfl-pit-cle-2026-10-02,Steelers vs. Browns,steelers,browns,0.57,23.95,2026-10-02,2026-10-02T00:15:00+00:00,https://polymarket.com/event/nfl-pit-cle-2026-10-02
polymarket,3760412,nfl-pit-cle-2026-10-02,Steelers vs. Browns,browns,steelers,0.43,23.95,2026-10-02,2026-10-02T00:15:00+00:00,https://polymarket.com/event/nfl-pit-cle-2026-10-02
polymarket,3871405,nfl-ind-was-2026-10-04,Colts vs. Commanders,colts,commanders,0.5,,2026-10-04,2026-10-04T13:30:00+00:00,https://polymarket.com/event/nfl-ind-was-2026-10-04
polymarket,3871405,nfl-ind-was-2026-10-04,Colts vs. Commanders,commanders,colts,0.5,,2026-10-04,2026-10-04T13:30:00+00:00,https://polymarket.com/event/nfl-ind-was-2026-10-04
polymarket,3871410,nfl-ten-bal-2026-10-04,Titans vs. Ravens,titans,ravens,0.205,245.83999999999997,2026-10-04,2026-10-04T17:00:00+00:00,https://polymarket.com/event/nfl-ten-bal-2026-10-04
polymarket,3871410,nfl-ten-bal-2026-10-04,Titans vs. Ravens,ravens,titans,0.795,245.83999999999997,2026-10-04,2026-10-04T17:00:00+00:00,https://polymarket.com/event/nfl-ten-bal-2026-10-04
polymarket,3871411,nfl-ne-buf-2026-10-04,Patriots vs. Bills,patriots,bills,0.405,,2026-10-04,2026-10-04T17:00:00+00:00,https://polymarket.com/event/nfl-ne-buf-2026-10-04
polymarket,3871411,nfl-ne-buf-2026-10-04,Patriots vs. Bills,bills,patriots,0.595,,2026-10-04,2026-10-04T17:00:00+00:00,https://polymarket.com/event/nfl-ne-buf-2026-10-04
polymarket,3871412,nfl-nyj-chi-2026-10-04,Jets vs. Bears,jets,bears,0.26,,2026-10-04,2026-10-04T17:00:00+00:00,https://polymarket.com/event/nfl-nyj-chi-2026-10-04
polymarket,3871412,nfl-nyj-chi-2026-10-04,Jets vs. Bears,bears,jets,0.74,,2026-10-04,2026-10-04T17:00:00+00:00,https://polymarket.com/event/nfl-nyj-chi-2026-10-04
polymarket,3871414,nfl-jax-cin-2026-10-04,Jaguars vs. Bengals,jaguars,bengals,0.555,,2026-10-04,2026-10-04T17:00:00+00:00,https://polymarket.com/event/nfl-jax-cin-2026-10-04
polymarket,3871414,nfl-jax-cin-2026-10-04,Jaguars vs. Bengals,bengals,jaguars,0.445,,2026-10-04,2026-10-04T17:00:00+00:00,https://polymarket.com/event/nfl-jax-cin-2026-10-04
polymarket,3871418,nfl-dal-hou-2026-10-04,Cowboys vs. Texans,cowboys,texans,0.33,,2026-10-04,2026-10-04T17:00:00+00:00,https://polymarket.com/event/nfl-dal-hou-2026-10-04
polymarket,3871418,nfl-dal-hou-2026-10-04,Cowboys vs. Texans,texans,cowboys,0.67,,2026-10-04,2026-10-04T17:00:00+00:00,https://polymarket.com/event/nfl-dal-hou-2026-10-04
polymarket,3871421,nfl-ari-nyg-2026-10-04,Cardinals vs. Giants,cardinals,giants,0.315,100.0,2026-10-04,2026-10-04T17:00:00+00:00,https://polymarket.com/event/nfl-ari-nyg-2026-10-04
polymarket,3871421,nfl-ari-nyg-2026-10-04,Cardinals vs. Giants,giants,cardinals,0.685,100.0,2026-10-04,2026-10-04T17:00:00+00:00,https://polymarket.com/event/nfl-ari-nyg-2026-10-04
polymarket,3871423,nfl-la-phi-2026-10-04,Rams vs. Eagles,rams,eagles,0.495,,2026-10-04,2026-10-04T17:00:00+00:00,https://polymarket.com/event/nfl-la-phi-2026-10-04
polymarket,3871423,nfl-la-phi-2026-10-04,Rams vs. Eagles,eagles,rams,0.505,,2026-10-04,2026-10-04T17:00:00+00:00,https://polymarket.com/event/nfl-la-phi-2026-10-04
polymarket,3871424,nfl-gb-tb-2026-10-04,Packers vs. Buccaneers,packers,buccaneers,0.495,,2026-10-04,2026-10-04T17:00:00+00:00,https://polymarket.com/event/nfl-gb-tb-2026-10-04
polymarket,3871424,nfl-gb-tb-2026-10-04,Packers vs. Buccaneers,buccaneers,packers,0.505,,2026-10-04,2026-10-04T17:00:00+00:00,https://polymarket.com/event/nfl-gb-tb-2026-10-04
polymarket,3871427,nfl-mia-min-2026-10-04,Dolphins vs. Vikings,dolphins,vikings,0.285,,2026-10-04,2026-10-04T20:05:00+00:00,https://polymarket.com/event/nfl-mia-min-2026-10-04
polymarket,3871427,nfl-mia-min-2026-10-04,Dolphins vs. Vikings,vikings,dolphins,0.715,,2026-10-04,2026-10-04T20:05:00+00:00,https://polymarket.com/event/nfl-mia-min-2026-10-04
polymarket,3871431,nfl-kc-lv-2026-10-04,Chiefs vs. Raiders,chiefs,raiders,0.62,,2026-10-04,2026-10-04T20:25:00+00:00,https://polymarket.com/event/nfl-kc-lv-2026-10-04
polymarket,3871431,nfl-kc-lv-2026-10-04,Chiefs vs. Raiders,raiders,chiefs,0.38,,2026-10-04,2026-10-04T20:25:00+00:00,https://polymarket.com/event/nfl-kc-lv-2026-10-04
polymarket,3871433,nfl-lac-sea-2026-10-04,Chargers vs. Seahawks,chargers,seahawks,0.265,,2026-10-04,2026-10-04T20:25:00+00:00,https://polymarket.com/event/nfl-lac-sea-2026-10-04
polymarket,3871433,nfl-lac-sea-2026-10-04,Chargers vs. Seahawks,seahawks,chargers,0.735,,2026-10-04,2026-10-04T20:25:00+00:00,https://polymarket.com/event/nfl-lac-sea-2026-10-04
polymarket,3871435,nfl-den-sf-2026-10-04,Broncos vs. 49ers,broncos,49ers,0.505,,2026-10-04,2026-10-04T20:25:00+00:00,https://polymarket.com/event/nfl-den-sf-2026-10-04
polymarket,3871435,nfl-den-sf-2026-10-04,Broncos vs. 49ers,49ers,broncos,0.495,,2026-10-04,2026-10-04T20:25:00+00:00,https://polymarket.com/event/nfl-den-sf-2026-10-04
polymarket,3871436,nfl-det-car-2026-10-05,Lions vs. Panthers,lions,panthers,0.61,,2026-10-05,2026-10-05T00:20:00+00:00,https://polymarket.com/event/nfl-det-car-2026-10-05
polymarket,3871436,nfl-det-car-2026-10-05,Lions vs. Panthers,panthers,lions,0.39,,2026-10-05,2026-10-05T00:20:00+00:00,https://polymarket.com/event/nfl-det-car-2026-10-05
polymarket,3871438,nfl-atl-no-2026-10-06,Falcons vs. Saints,falcons,saints,0.46,,2026-10-06,2026-10-06T00:15:00+00:00,https://polymarket.com/event/nfl-atl-no-2026-10-06
polymarket,3871438,nfl-atl-no-2026-10-06,Falcons vs. Saints,saints,falcons,0.54,,2026-10-06,2026-10-06T00:15:00+00:00,https://polymarket.com/event/nfl-atl-no-2026-10-06
polymarket,3951230,nfl-tb-dal-2026-10-09,Buccaneers vs. Cowboys,buccaneers,cowboys,0.435,8.0,2026-10-09,2026-10-09T00:15:00+00:00,https://polymarket.com/event/nfl-tb-dal-2026-10-09
polymarket,3951230,nfl-tb-dal-2026-10-09,Buccaneers vs. Cowboys,cowboys,buccaneers,0.565,8.0,2026-10-09,2026-10-09T00:15:00+00:00,https://polymarket.com/event/nfl-tb-dal-2026-10-09
polymarket,4024655,nfl-phi-jax-2026-10-11,Eagles vs. Jaguars,eagles,jaguars,0.54,,2026-10-11,2026-10-11T13:30:00+00:00,https://polymarket.com/event/nfl-phi-jax-2026-10-11
polymarket,4024655,nfl-phi-jax-2026-10-11,Eagles vs. Jaguars,jaguars,eagles,0.46,,2026-10-11,2026-10-11T13:30:00+00:00,https://polymarket.com/event/nfl-phi-jax-2026-10-11
polymarket,4024657,nfl-cin-mia-2026-10-11,Bengals vs. Dolphins,bengals,dolphins,0.715,15.0,2026-10-11,2026-10-11T17:00:00+00:00,https://polymarket.com/event/nfl-cin-mia-2026-10-11
polymarket,4024657,nfl-cin-mia-2026-10-11,Bengals vs. Dolphins,dolphins,bengals,0.285,15.0,2026-10-11,2026-10-11T17:00:00+00:00,https://polymarket.com/event/nfl-cin-mia-2026-10-11
polymarket,4024660,nfl-lv-ne-2026-10-11,Raiders vs. Patriots,raiders,patriots,0.215,31.94,2026-10-11,2026-10-11T17:00:00+00:00,https://polymarket.com/event/nfl-lv-ne-2026-10-11
polymarket,4024660,nfl-lv-ne-2026-10-11,Raiders vs. Patriots,patriots,raiders,0.785,31.94,2026-10-11,2026-10-11T17:00:00+00:00,https://polymarket.com/event/nfl-lv-ne-2026-10-11
polymarket,4024664,nfl-min-no-2026-10-11,Vikings vs. Saints,vikings,saints,0.63,,2026-10-11,2026-10-11T17:00:00+00:00,https://polymarket.com/event/nfl-min-no-2026-10-11
polymarket,4024664,nfl-min-no-2026-10-11,Vikings vs. Saints,saints,vikings,0.37,,2026-10-11,2026-10-11T17:00:00+00:00,https://polymarket.com/event/nfl-min-no-2026-10-11
polymarket,4024666,nfl-cle-nyj-2026-10-11,Browns vs. Jets,browns,jets,0.525,,2026-10-11,2026-10-11T17:00:00+00:00,https://polymarket.com/event/nfl-cle-nyj-2026-10-11
polymarket,4024666,nfl-cle-nyj-2026-10-11,Browns vs. Jets,jets,browns,0.475,,2026-10-11,2026-10-11T17:00:00+00:00,https://polymarket.com/event/nfl-cle-nyj-2026-10-11
polymarket,4024667,nfl-ind-pit-2026-10-11,Colts vs. Steelers,colts,steelers,0.36,,2026-10-11,2026-10-11T17:00:00+00:00,https://polymarket.com/event/nfl-ind-pit-2026-10-11
polymarket,4024667,nfl-ind-pit-2026-10-11,Colts vs. Steelers,steelers,colts,0.64,,2026-10-11,2026-10-11T17:00:00+00:00,https://polymarket.com/event/nfl-ind-pit-2026-10-11
polymarket,4024668,nfl-hou-ten-2026-10-11,Texans vs. Titans,texans,titans,0.68,,2026-10-11,2026-10-11T17:00:00+00:00,https://polymarket.com/event/nfl-hou-ten-2026-10-11
polymarket,4024668,nfl-hou-ten-2026-10-11,Texans vs. Titans,titans,texans,0.32,,2026-10-11,2026-10-11T17:00:00+00:00,https://polymarket.com/event/nfl-hou-ten-2026-10-11
polymarket,4024671,nfl-nyg-was-2026-10-11,Giants vs. Commanders,giants,commanders,0.36,,2026-10-11,2026-10-11T17:00:00+00:00,https://polymarket.com/event/nfl-nyg-was-2026-10-11
polymarket,4024671,nfl-nyg-was-2026-10-11,Giants vs. Commanders,commanders,giants,0.64,,2026-10-11,2026-10-11T17:00:00+00:00,https://polymarket.com/event/nfl-nyg-was-2026-10-11
polymarket,4024675,nfl-den-lac-2026-10-11,Broncos vs. Chargers,broncos,chargers,0.555,,2026-10-11,2026-10-11T20:05:00+00:00,https://polymarket.com/event/nfl-den-lac-2026-10-11
polymarket,4024675,nfl-den-lac-2026-10-11,Broncos vs. Chargers,chargers,broncos,0.445,,2026-10-11,2026-10-11T20:05:00+00:00,https://polymarket.com/event/nfl-den-lac-2026-10-11
polymarket,4024677,nfl-det-ari-2026-10-11,Lions vs. Cardinals,lions,cardinals,0.665,,2026-10-11,2026-10-11T20:25:00+00:00,https://polymarket.com/event/nfl-det-ari-2026-10-11
polymarket,4024677,nfl-det-ari-2026-10-11,Lions vs. Cardinals,cardinals,lions,0.335,,2026-10-11,2026-10-11T20:25:00+00:00,https://polymarket.com/event/nfl-det-ari-2026-10-11
polymarket,4024678,nfl-chi-gb-2026-10-11,Bears vs. Packers,bears,packers,0.445,,2026-10-11,2026-10-11T20:25:00+00:00,https://polymarket.com/event/nfl-chi-gb-2026-10-11
polymarket,4024678,nfl-chi-gb-2026-10-11,Bears vs. Packers,packers,bears,0.555,,2026-10-11,2026-10-11T20:25:00+00:00,https://polymarket.com/event/nfl-chi-gb-2026-10-11
polymarket,4024680,nfl-sf-sea-2026-10-11,49ers vs. Seahawks,49ers,seahawks,0.29,,2026-10-11,2026-10-11T20:25:00+00:00,https://polymarket.com/event/nfl-sf-sea-2026-10-11
polymarket,4024680,nfl-sf-sea-2026-10-11,49ers vs. Seahawks,seahawks,49ers,0.71,,2026-10-11,2026-10-11T20:25:00+00:00,https://polymarket.com/event/nfl-sf-sea-2026-10-11
polymarket,4024681,nfl-bal-atl-2026-10-12,Ravens vs. Falcons,ravens,falcons,0.535,,2026-10-12,2026-10-12T00:20:00+00:00,https://polymarket.com/event/nfl-bal-atl-2026-10-12
polymarket,4024681,nfl-bal-atl-2026-10-12,Ravens vs. Falcons,falcons,ravens,0.465,,2026-10-12,2026-10-12T00:20:00+00:00,https://polymarket.com/event/nfl-bal-atl-2026-10-12
polymarket,4058840,nfl-buf-la-2026-10-13,Bills vs. Rams,bills,rams,0.445,,2026-10-13,2026-10-13T00:15:00+00:00,https://polymarket.com/event/nfl-buf-la-2026-10-13
polymarket,4058840,nfl-buf-la-2026-10-13,Bills vs. Rams,rams,bills,0.555,,2026-10-13,2026-10-13T00:15:00+00:00,https://polymarket.com/event/nfl-buf-la-2026-10-13
polymarket,4212356,nfl-sea-den-2026-10-16,Seahawks vs. Broncos,seahawks,broncos,0.525,,2026-10-16,2026-10-16T00:15:00+00:00,https://polymarket.com/event/nfl-sea-den-2026-10-16
polymarket,4212356,nfl-sea-den-2026-10-16,Seahawks vs. Broncos,broncos,seahawks,0.475,,2026-10-16,2026-10-16T00:15:00+00:00,https://polymarket.com/event/nfl-sea-den-2026-10-16
polymarket,4329882,nfl-hou-jax-2026-10-18,Texans vs. Jaguars,texans,jaguars,0.5,,2026-10-18,2026-10-18T13:30:00+00:00,https://polymarket.com/event/nfl-hou-jax-2026-10-18
polymarket,4329882,nfl-hou-jax-2026-10-18,Texans vs. Jaguars,jaguars,texans,0.5,,2026-10-18,2026-10-18T13:30:00+00:00,https://polymarket.com/event/nfl-hou-jax-2026-10-18
polymarket,4329883,nfl-chi-atl-2026-10-18,Bears vs. Falcons,bears,falcons,0.515,,2026-10-18,2026-10-18T17:00:00+00:00,https://polymarket.com/event/nfl-chi-atl-2026-10-18
polymarket,4329883,nfl-chi-atl-2026-10-18,Bears vs. Falcons,falcons,bears,0.485,,2026-10-18,2026-10-18T17:00:00+00:00,https://polymarket.com/event/nfl-chi-atl-2026-10-18
polymarket,4329884,nfl-bal-cle-2026-10-18,Ravens vs. Browns,ravens,browns,0.61,,2026-10-18,2026-10-18T17:00:00+00:00,https://polymarket.com/event/nfl-bal-cle-2026-10-18
polymarket,4329884,nfl-bal-cle-2026-10-18,Ravens vs. Browns,browns,ravens,0.39,,2026-10-18,2026-10-18T17:00:00+00:00,https://polymarket.com/event/nfl-bal-cle-2026-10-18
polymarket,4329885,nfl-ten-ind-2026-10-18,Titans vs. Colts,titans,colts,0.29,,2026-10-18,2026-10-18T17:00:00+00:00,https://polymarket.com/event/nfl-ten-ind-2026-10-18
polymarket,4329885,nfl-ten-ind-2026-10-18,Titans vs. Colts,colts,titans,0.71,,2026-10-18,2026-10-18T17:00:00+00:00,https://polymarket.com/event/nfl-ten-ind-2026-10-18
polymarket,4329886,nfl-nyj-ne-2026-10-18,Jets vs. Patriots,jets,patriots,0.235,2.439025,2026-10-18,2026-10-18T17:00:00+00:00,https://polymarket.com/event/nfl-nyj-ne-2026-10-18
polymarket,4329886,nfl-nyj-ne-2026-10-18,Jets vs. Patriots,patriots,jets,0.765,2.439025,2026-10-18,2026-10-18T17:00:00+00:00,https://polymarket.com/event/nfl-nyj-ne-2026-10-18
polymarket,4329887,nfl-no-nyg-2026-10-18,Saints vs. Giants,saints,giants,0.465,,2026-10-18,2026-10-18T17:00:00+00:00,https://polymarket.com/event/nfl-no-nyg-2026-10-18
polymarket,4329887,nfl-no-nyg-2026-10-18,Saints vs. Giants,giants,saints,0.535,,2026-10-18,2026-10-18T17:00:00+00:00,https://polymarket.com/event/nfl-no-nyg-2026-10-18
polymarket,4329888,nfl-car-phi-2026-10-18,Panthers vs. Eagles,panthers,eagles,0.315,,2026-10-18,2026-10-18T17:00:00+00:00,https://polymarket.com/event/nfl-car-phi-2026-10-18
polymarket,4329888,nfl-car-phi-2026-10-18,Panthers vs. Eagles,eagles,panthers,0.685,,2026-10-18,2026-10-18T17:00:00+00:00,https://polymarket.com/event/nfl-car-phi-2026-10-18
polymarket,4329889,nfl-pit-tb-2026-10-18,Steelers vs. Buccaneers,steelers,buccaneers,0.495,,2026-10-18,2026-10-18T17:00:00+00:00,https://polymarket.com/event/nfl-pit-tb-2026-10-18
polymarket,4329889,nfl-pit-tb-2026-10-18,Steelers vs. Buccaneers,buccaneers,steelers,0.505,,2026-10-18,2026-10-18T17:00:00+00:00,https://polymarket.com/event/nfl-pit-tb-2026-10-18
polymarket,4329890,nfl-ari-la-2026-10-18,Cardinals vs. Rams,cardinals,rams,0.225,,2026-10-18,2026-10-18T20:05:00+00:00,https://polymarket.com/event/nfl-ari-la-2026-10-18
polymarket,4329890,nfl-ari-la-2026-10-18,Cardinals vs. Rams,rams,cardinals,0.775,,2026-10-18,2026-10-18T20:05:00+00:00,https://polymarket.com/event/nfl-ari-la-2026-10-18
polymarket,4329891,nfl-lac-kc-2026-10-18,Chargers vs. Chiefs,chargers,chiefs,0.435,,2026-10-18,2026-10-18T20:25:00+00:00,https://polymarket.com/event/nfl-lac-kc-2026-10-18
polymarket,4329891,nfl-lac-kc-2026-10-18,Chargers vs. Chiefs,chiefs,chargers,0.565,,2026-10-18,2026-10-18T20:25:00+00:00,https://polymarket.com/event/nfl-lac-kc-2026-10-18
polymarket,4329892,nfl-buf-lv-2026-10-18,Bills vs. Raiders,bills,raiders,0.695,,2026-10-18,2026-10-18T20:25:00+00:00,https://polymarket.com/event/nfl-buf-lv-2026-10-18
polymarket,4329892,nfl-buf-lv-2026-10-18,Bills vs. Raiders,raiders,bills,0.305,,2026-10-18,2026-10-18T20:25:00+00:00,https://polymarket.com/event/nfl-buf-lv-2026-10-18
polymarket,4329893,nfl-dal-gb-2026-10-19,Cowboys vs. Packers,cowboys,packers,0.345,,2026-10-19,2026-10-19T00:20:00+00:00,https://polymarket.com/event/nfl-dal-gb-2026-10-19
polymarket,4329893,nfl-dal-gb-2026-10-19,Cowboys vs. Packers,packers,cowboys,0.655,,2026-10-19,2026-10-19T00:20:00+00:00,https://polymarket.com/event/nfl-dal-gb-2026-10-19
polymarket,4362230,nfl-was-sf-2026-10-20,Commanders vs. 49ers,commanders,49ers,0.31,,2026-10-20,2026-10-20T00:15:00+00:00,https://polymarket.com/event/nfl-was-sf-2026-10-20
polymarket,4362230,nfl-was-sf-2026-10-20,Commanders vs. 49ers,49ers,commanders,0.69,,2026-10-20,2026-10-20T00:15:00+00:00,https://polymarket.com/event/nfl-was-sf-2026-10-20
