team_a,team_b,kalshi_event,polymarket_event,kalshi_yes_a,poly_yes_a,kalshi_yes_b,poly_yes_b,kalshi_url,polymarket_url
abilene christian,stephen f austin,Stephen F. Austin vs Abilene Christian,Stephen F. Austin vs. Abilene Christian,0.43,0.365,0.72,0.635,https://kalshi.com/markets/kxncaafgame/kxncaafgame-26sep12sfaac,https://polymarket.com/event/cfb-sfaus-abchr-2026-09-12
air force,north dakota state,North Dakota St. vs Air Force,North Dakota State vs. Air Force,0.47,0.455,0.54,0.545,https://kalshi.com/markets/kxncaafgame/kxncaafgame-26sep12ndsuafa,https://polymarket.com/event/cfb-ndkst-airf-2026-09-12
akron,robert morris,Robert Morris vs Akron,Robert Morris vs. Akron,0.97,0.964,0.04,0.036,https://kalshi.com/markets/kxncaafgame/kxncaafgame-26sep12rmuakr,https://polymarket.com/event/cfb-robms-akron-2026-09-12
alabama,kentucky,Alabama vs Kentucky,Alabama vs. Kentucky,0.79,0.785,0.23,0.215,https://kalshi.com/markets/kxncaafgame/kxncaafgame-26sep12alauk,https://polymarket.com/event/cfb-ala-uk-2026-09-12
alabama a and m,tennessee state,Tennessee St. vs Alabama A&M,Tennessee State vs. Alabama A&M,0.53,0.515,0.51,0.485,https://kalshi.com/markets/kxncaafgame/kxncaafgame-26sep12tnstaamu,https://polymarket.com/event/cfb-tenst-alaam-2026-09-12
alabama state,troy,Alabama St. vs Troy,Alabama State vs. Troy,0.08,0.075,0.93,0.925,https://kalshi.com/markets/kxncaafgame/kxncaafgame-26sep12alsttroy,https://polymarket.com/event/cfb-alast-troy-2026-09-12
albany,liu,University at Albany vs LIU,University at Albany vs. LIU,0.66,0.64,0.37,0.36,https://kalshi.com/markets/kxncaafgame/kxncaafgame-26sep12albyliu,https://polymarket.com/event/cfb-albny-liub-2026-09-12
alcorn state,arkansas pine bluff,Arkansas-Pine Bluff vs Alcorn St.,Arkansas-Pine Bluff vs. Alcorn State,0.74,0.77,0.27,0.23,https://kalshi.com/markets/kxncaafgame/kxncaafgame-26sep12arpbalcn,https://polymarket.com/event/cfb-arpb-alcst-2026-09-12
alcorn state,north alabama,Alcorn St. vs North Alabama,Alcorn State vs. North Alabama,0.67,0.54,0.6,0.46,https://kalshi.com/markets/kxncaafgame/kxncaafgame-26sep19alcnuna,https://polymarket.com/event/cfb-alcst-nal-2026-09-19
appalachian state,charlotte,Charlotte vs Appalachian St.,Charlotte vs. Appalachian State,0.93,0.815,0.29,0.185,https://kalshi.com/markets/kxncaafgame/kxncaafgame-26sep19charapp,https://polymarket.com/event/cfb-charlt-applst-2026-09-19
appalachian state,east carolina,Appalachian St. vs East Carolina,Appalachian State vs. East Carolina,0.3,0.305,0.71,0.695,https://kalshi.com/markets/kxncaafgame/kxncaafgame-26sep12appecu,https://polymarket.com/event/cfb-applst-ecar-2026-09-12
arizona state,texas am,Arizona St. vs Texas A&M,Arizona State vs. Texas A&M,0.16,0.145,0.86,0.855,https://kalshi.com/markets/kxncaafgame/kxncaafgame-26sep12asutxam,https://polymarket.com/event/cfb-arzst-txam-2026-09-12
arkansas,utah,Arkansas vs Utah,Arkansas vs. Utah,0.2,0.195,0.82,0.805,https://kalshi.com/markets/kxncaafgame/kxncaafgame-26sep12arkutah,https://polymarket.com/event/cfb-ark-utah-2026-09-12
arkansas state,tcu,Arkansas St. vs TCU,Arkansas State vs. TCU,0.18,0.125,0.92,0.875,https://kalshi.com/markets/kxncaafgame/kxncaafgame-26sep19arsttcu,https://polymarket.com/event/cfb-arkst-tcu-2026-09-19
arkansas state,west georgia,West Georgia vs Arkansas St.,West Georgia vs. Arkansas State,0.97,0.9745,0.04,0.0255,https://kalshi.com/markets/kxncaafgame/kxncaafgame-26sep12uwgaarst,https://polymarket.com/event/cfb-uwg-arkst-2026-09-12
army,usf,South Florida vs Army,South Florida vs. Army,0.62,0.615,0.4,0.385,https://kalshi.com/markets/kxncaafgame/kxncaafgame-26sep12usfarmy,https://polymarket.com/event/cfb-sfl-army-2026-09-12
auburn,southern miss,Southern Miss vs Auburn,Southern Miss vs. Auburn,0.98,0.977,0.03,0.023,https://kalshi.com/markets/kxncaafgame/kxncaafgame-26sep12usmaub,https://polymarket.com/event/cfb-soumis-aubrn-2026-09-12
austin peay,morehead state,Morehead St. vs Austin Peay,Morehead State vs. Austin Peay,0.97,0.971,0.03,0.029,https://kalshi.com/markets/kxncaafgame/kxncaafgame-26sep12morepeay,https://polymarket.com/event/cfb-more-ausp-2026-09-12
ball state,stony brook,Stony Brook vs Ball St.,Stony Brook vs. Ball State,0.87,0.87,0.14,0.13,https://kalshi.com/markets/kxncaafgame/kxncaafgame-26sep12stonball,https://polymarket.com/event/cfb-stbr-ballst-2026-09-12
baylor,prairie view a and m,Prairie View A&M vs Baylor,Prairie View A&M vs. Baylor,0.99,0.9875,0.02,0.0125,https://kalshi.com/markets/kxncaafgame/kxncaafgame-26sep12pvbay,https://polymarket.com/event/cfb-pvam-bayl-2026-09-12
bethune cookman,stetson,Stetson vs Bethune-Cookman,Stetson vs. Bethune-Cookman,0.88,0.825,0.14,0.175,https://kalshi.com/markets/kxncaafgame/kxncaafgame-26sep12stetcook,https://polymarket.com/event/cfb-stet-bcook-2026-09-12
boise state,memphis,Memphis vs Boise St.,Memphis vs. Boise State,0.76,0.755,0.26,0.245,https://kalshi.com/markets/kxncaafgame/kxncaafgame-26sep12membsu,https://polymarket.com/event/cfb-mphs-boise-2026-09-12
boston college,rutgers,Rutgers vs Boston College,Rutgers vs. Boston College,0.61,0.605,0.41,0.395,https://kalshi.com/markets/kxncaafgame/kxncaafgame-26sep11rutgbc,https://polymarket.com/event/cfb-rutger-boscol-2026-09-11
bowling green,nebraska,Bowling Green vs Nebraska,Bowling Green vs. Nebraska,0.04,0.028,0.98,0.972,https://kalshi.com/markets/kxncaafgame/kxncaafgame-26sep12bgsuneb,https://polymarket.com/event/cfb-bowlgr-nebr-2026-09-12
bryant,hampton,Bryant vs Hampton,Bryant vs. Hampton,0.62,0.59,0.41,0.41,https://kalshi.com/markets/kxncaafgame/kxncaafgame-26sep12bryhamp,https://polymarket.com/event/cfb-bryant-hamp-2026-09-12
bucknell,vmi,Bucknell vs VMI,Bucknell vs. VMI,0.74,0.75,0.26,0.25,https://kalshi.com/markets/kxncaafgame/kxncaafgame-26sep12buckvmi,https://polymarket.com/event/cfb-buck-vamil-2026-09-12
buffalo,fiu,Buffalo vs Florida International,Buffalo vs. Florida International,0.23,0.215,0.79,0.785,https://kalshi.com/markets/kxncaafgame/kxncaafgame-26sep12bufffiu,https://polymarket.com/event/cfb-buf-flint-2026-09-12
cal poly,san jose state,Cal Poly vs San Jose St.,Cal Poly vs. San Jose State,0.09,0.08,0.92,0.92,https://kalshi.com/markets/kxncaafgame/kxncaafgame-26sep12cpsjsu,https://polymarket.com/event/cfb-calpol-sjst-2026-09-12
california,syracuse,California vs Syracuse,California vs. Syracuse,0.4,0.385,0.62,0.615,https://kalshi.com/markets/kxncaafgame/kxncaafgame-26sep12calsyr,https://polymarket.com/event/cfb-cah-syra-2026-09-12
campbell,florida,Campbell vs Florida,Campbell vs. Florida,0.01,0.0085,1.0,0.9915,https://kalshi.com/markets/kxncaafgame/kxncaafgame-26sep12campfla,https://polymarket.com/event/cfb-camp-fl-2026-09-12
central connecticut state,toledo,Central Connecticut St. vs Toledo,Central Connecticut State vs. Toledo,0.03,0.022,0.98,0.978,https://kalshi.com/markets/kxncaafgame/kxncaafgame-26sep12ccsutol,https://polymarket.com/event/cfb-cencon-toledo-2026-09-12
central michigan,colgate,Colgate vs Central Michigan,Colgate vs. Central Michigan,0.94,0.93,0.07,0.07,https://kalshi.com/markets/kxncaafgame/kxncaafgame-26sep12colgcmu,https://polymarket.com/event/cfb-colg-cmich-2026-09-12
charleston southern,the citadel,Charleston Southern vs The Citadel,Charleston Southern vs. The Citadel,0.51,0.48,0.52,0.52,https://kalshi.com/markets/kxncaafgame/kxncaafgame-26sep12chsocit,https://polymarket.com/event/cfb-chsou-cita-2026-09-12
charlotte,mississippi,Charlotte vs Ole Miss,Charlotte vs. Ole Miss,0.01,0.0035,1.0,0.9965,https://kalshi.com/markets/kxncaafgame/kxncaafgame-26sep12charmiss,https://polymarket.com/event/cfb-charlt-miss-2026-09-12
chattanooga,eastern kentucky,Chattanooga vs Eastern Kentucky,Chattanooga vs. Eastern Kentucky,0.65,0.635,0.38,0.365,https://kalshi.com/markets/kxncaafgame/kxncaafgame-26sep12chateky,https://polymarket.com/event/cfb-chat-ekent-2026-09-12
cincinnati,western carolina,Western Carolina vs Cincinnati,Western Carolina vs. Cincinnati,0.98,0.981,0.02,0.019,https://kalshi.com/markets/kxncaafgame/kxncaafgame-26sep12wcucin,https://polymarket.com/event/cfb-wcar-cin-2026-09-12
clemson,georgia southern,Georgia Southern vs Clemson,Georgia Southern vs. Clemson,0.91,0.905,0.1,0.095,https://kalshi.com/markets/kxncaafgame/kxncaafgame-26sep12gasoclem,https://polymarket.com/event/cfb-gas-clmsn-2026-09-12
coastal carolina,fordham,Fordham vs Coastal Carolina,Fordham vs. Coastal Carolina,0.98,0.978,0.03,0.022,https://kalshi.com/markets/kxncaafgame/kxncaafgame-26sep12forccar,https://polymarket.com/event/cfb-fordm-coast-2026-09-12
colorado,weber state,Weber St. vs Colorado,Weber State vs. Colorado,0.99,0.9855,0.02,0.0145,https://kalshi.com/markets/kxncaafgame/kxncaafgame-26sep12webcolo,https://polymarket.com/event/cfb-webst-col-2026-09-12
colorado state,southern utah,Southern Utah vs Colorado St.,Southern Utah vs. Colorado State,0.93,0.925,0.08,0.075,https://kalshi.com/markets/kxncaafgame/kxncaafgame-26sep12suucsu,https://polymarket.com/event/cfb-sutah-colst-2026-09-12
delaware,vanderbilt,Delaware vs Vanderbilt,Delaware vs. Vanderbilt,0.09,0.085,0.92,0.915,https://kalshi.com/markets/kxncaafgame/kxncaafgame-26sep12delvan,https://polymarket.com/event/cfb-del-vand-2026-09-12
drake,northern iowa,Drake vs Northern Iowa,Drake vs. Northern Iowa,0.19,0.185,0.82,0.815,https://kalshi.com/markets/kxncaafgame/kxncaafgame-26sep12drkeuni,https://polymarket.com/event/cfb-drake-niowa-2026-09-12
duke,illinois,Duke vs Illinois,Duke vs. Illinois,0.34,0.335,0.68,0.665,https://kalshi.com/markets/kxncaafgame/kxncaafgame-26sep12dukeill,https://polymarket.com/event/cfb-duke-ill-2026-09-12
duquesne,youngstown state,Duquesne vs Youngstown St.,Duquesne vs. Youngstown State,0.1,0.09,0.92,0.91,https://kalshi.com/markets/kxncaafgame/kxncaafgame-26sep12duqysu,https://polymarket.com/event/cfb-duq-yngst-2026-09-12
east tennessee state,north carolina,East Tennessee St. vs North Carolina,East Tennessee State vs. North Carolina,0.02,0.019,0.99,0.981,https://kalshi.com/markets/kxncaafgame/kxncaafgame-26sep12etsuunc,https://polymarket.com/event/cfb-etnst-ncar-2026-09-12
east texas a and m,northwestern state,Northwestern St. vs East Texas A&M,Northwestern State vs. East Texas A&M,0.91,0.92,0.09,0.08,https://kalshi.com/markets/kxncaafgame/kxncaafgame-26sep12nwstetam,https://polymarket.com/event/cfb-nwst-txamc-2026-09-12
eastern illinois,indiana state,Indiana St. vs Eastern Illinois,Indiana State vs. Eastern Illinois,0.48,0.505,0.54,0.495,https://kalshi.com/markets/kxncaafgame/kxncaafgame-26sep12insteiu,https://polymarket.com/event/cfb-indst-eill-2026-09-12
eastern michigan,michigan state,Eastern Michigan vs Michigan St.,Eastern Michigan vs. Michigan State,0.13,0.115,0.89,0.885,https://kalshi.com/markets/kxncaafgame/kxncaafgame-26sep12emumsu,https://polymarket.com/event/cfb-emich-mst-2026-09-12
eastern washington,south dakota,Eastern Washington vs South Dakota,Eastern Washington vs. South Dakota,0.15,0.155,0.85,0.845,https://kalshi.com/markets/kxncaafgame/kxncaafgame-26sep12ewusdak,https://polymarket.com/event/cfb-ewash-sdak-2026-09-12
elon,rhode island,Elon vs Rhode Island,Elon vs. Rhode Island,0.28,0.275,0.73,0.725,https://kalshi.com/markets/kxncaafgame/kxncaafgame-26sep12elonuri,https://polymarket.com/event/cfb-elon-ri-2026-09-12
florida am,miami fl,Florida A&M vs Miami (FL),Florida A&M vs. Miami (FL),0.01,0.0045,1.0,0.9955,https://kalshi.com/markets/kxncaafgame/kxncaafgame-26sep10famumia,https://polymarket.com/event/cfb-flam-mia-2026-09-10
florida atlantic,navy,Navy vs Florida Atlantic,Navy vs. Florida Atlantic,0.36,0.345,0.66,0.655,https://kalshi.com/markets/kxncaafgame/kxncaafgame-26sep12navyfau,https://polymarket.com/event/cfb-navy-flatl-2026-09-12
furman,mercer,Furman vs Mercer,Furman vs. Mercer,0.16,0.15,0.86,0.85,https://kalshi.com/markets/kxncaafgame/kxncaafgame-26sep12furmer,https://polymarket.com/event/cfb-furman-merc-2026-09-12
gardner webb,liberty,Gardner-Webb vs Liberty,Gardner-Webb vs. Liberty,0.05,0.045,0.96,0.955,https://kalshi.com/markets/kxncaafgame/kxncaafgame-26sep12webblib,https://polymarket.com/event/cfb-gardwb-librty-2026-09-12
georgia,western kentucky,Western Kentucky vs Georgia,Western Kentucky vs. Georgia,1.0,0.994,0.01,0.006,https://kalshi.com/markets/kxncaafgame/kxncaafgame-26sep12wkuuga,https://polymarket.com/event/cfb-wkent-ga-2026-09-12
georgia southern,jacksonville state,Georgia Southern vs Jacksonville St.,Georgia Southern vs. Jacksonville State,0.61,0.49,0.67,0.51,https://kalshi.com/markets/kxncaafgame/kxncaafgame-26sep19gasojvst,https://polymarket.com/event/cfb-gas-jaxst-2026-09-19
georgia state,kennesaw state,Georgia St. vs Kennesaw St.,Georgia State vs. Kennesaw State,0.26,0.255,0.76,0.745,https://kalshi.com/markets/kxncaafgame/kxncaafgame-26sep12gastkenn,https://polymarket.com/event/cfb-gast-kenest-2026-09-12
georgia tech,tennessee,Tennessee vs Georgia Tech,Tennessee vs. Georgia Tech,0.19,0.185,0.82,0.815,https://kalshi.com/markets/kxncaafgame/kxncaafgame-26sep12tenngt,https://polymarket.com/event/cfb-tenn-gtech-2026-09-12
grambling state,tcu,Grambling St. vs TCU,Grambling State vs. TCU,0.01,0.0045,1.0,0.9955,https://kalshi.com/markets/kxncaafgame/kxncaafgame-26sep12gramtcu,https://polymarket.com/event/cfb-grmbst-tcu-2026-09-12
hawai i,new mexico state,New Mexico St. vs Hawai'i,New Mexico State vs. Hawai'i,0.72,0.725,0.28,0.275,https://kalshi.com/markets/kxncaafgame/kxncaafgame-26sep13nmsuhaw,https://polymarket.com/event/cfb-nmxst-hawaii-2026-09-13
holy cross,miami oh,Holy Cross vs Miami (OH),Holy Cross vs. Miami (OH),0.04,0.0335,0.98,0.9665,https://kalshi.com/markets/kxncaafgame/kxncaafgame-26sep12hcmoh,https://polymarket.com/event/cfb-holy-miaoh-2026-09-12
houston,southern university,Southern University vs Houston,Southern University vs. Houston,1.0,0.9915,0.01,0.0085,https://kalshi.com/markets/kxncaafgame/kxncaafgame-26sep12souhou,https://polymarket.com/event/cfb-south-hou-2026-09-12
howard,indiana,Howard vs Indiana,Howard vs. Indiana,0.01,0.0015,1.0,0.9985,https://kalshi.com/markets/kxncaafgame/kxncaafgame-26sep12howind,https://polymarket.com/event/cfb-howrd-ind-2026-09-12
idaho,lamar,Lamar vs Idaho,Lamar vs. Idaho,0.51,0.475,0.52,0.525,https://kalshi.com/markets/kxncaafgame/kxncaafgame-26sep12lamidho,https://polymarket.com/event/cfb-lamar-idaho-2026-09-12
idaho state,san diego,San Diego vs Idaho St.,San Diego vs. Idaho State,0.96,0.9565,0.05,0.0435,https://kalshi.com/markets/kxncaafgame/kxncaafgame-26sep12usdidst,https://polymarket.com/event/cfb-usd-idhst-2026-09-12
illinois state,northern illinois,Illinois St. vs Northern Illinois,Illinois State vs. Northern Illinois,0.62,0.605,0.39,0.395,https://kalshi.com/markets/kxncaafgame/kxncaafgame-26sep12ilstniu,https://polymarket.com/event/cfb-illst-nill-2026-09-12
incarnate word,northern arizona,Incarnate Word vs Northern Arizona,Incarnate Word vs. Northern Arizona,0.42,0.425,0.57,0.575,https://kalshi.com/markets/kxncaafgame/kxncaafgame-26sep12iwnau,https://polymarket.com/event/cfb-incar-narz-2026-09-12
iowa,iowa state,Iowa St. vs Iowa,Iowa State vs. Iowa,0.85,0.845,0.17,0.155,https://kalshi.com/markets/kxncaafgame/kxncaafgame-26sep12isuiowa,https://polymarket.com/event/cfb-iowast-iowa-2026-09-12
jacksonville state,ohio,Jacksonville St. vs Ohio,Jacksonville State vs. Ohio,0.45,0.445,0.56,0.555,https://kalshi.com/markets/kxncaafgame/kxncaafgame-26sep12jvstohio,https://polymarket.com/event/cfb-jaxst-ohio-2026-09-12
james madison,wagner,Wagner vs James Madison,Wagner vs. James Madison,1.0,0.996,0.01,0.004,https://kalshi.com/markets/kxncaafgame/kxncaafgame-26sep12wagjmu,https://polymarket.com/event/cfb-wag-jmad-2026-09-12
kansas,missouri,Missouri vs Kansas,Missouri vs. Kansas,0.33,0.335,0.67,0.665,https://kalshi.com/markets/kxncaafgame/kxncaafgame-26sep11mizzku,https://polymarket.com/event/cfb-missr-kan-2026-09-11
kansas state,washington state,Washington St. vs Kansas St.,Washington State vs. Kansas State,0.89,0.895,0.12,0.105,https://kalshi.com/markets/kxncaafgame/kxncaafgame-26sep12wsuksu,https://polymarket.com/event/cfb-washst-kanst-2026-09-12
kent state,wofford,Wofford vs Kent St.,Wofford vs. Kent State,0.83,0.82,0.19,0.18,https://kalshi.com/markets/kxncaafgame/kxncaafgame-26sep12wofkent,https://polymarket.com/event/cfb-woff-kentst-2026-09-12
lafayette,marist,Marist vs Lafayette,Marist vs. Lafayette,0.8,0.795,0.22,0.205,https://kalshi.com/markets/kxncaafgame/kxncaafgame-26sep12mrstlaf,https://polymarket.com/event/cfb-mrst-lafay-2026-09-12
lehigh,william and mary,William & Mary vs Lehigh,William & Mary vs. Lehigh,0.8,0.8,0.22,0.2,https://kalshi.com/markets/kxncaafgame/kxncaafgame-26sep12wmleh,https://polymarket.com/event/cfb-wm-lehi-2026-09-12
lindenwood,missouri state,Lindenwood vs Missouri St.,Lindenwood vs. Missouri State,0.09,0.09,0.93,0.91,https://kalshi.com/markets/kxncaafgame/kxncaafgame-26sep12linwmosu,https://polymarket.com/event/cfb-jac-msrst-2026-09-12
louisiana,usc,Louisiana vs USC,Louisiana vs. USC,0.03,0.023,0.98,0.977,https://kalshi.com/markets/kxncaafgame/kxncaafgame-26sep12ullusc,https://polymarket.com/event/cfb-loulaf-usc-2026-09-12
louisiana monroe,uab,Louisiana-Monroe vs UAB,Louisiana-Monroe vs. UAB,0.24,0.23,0.78,0.77,https://kalshi.com/markets/kxncaafgame/kxncaafgame-26sep12ulmuab,https://polymarket.com/event/cfb-lamon-uab-2026-09-12
louisville,villanova,Villanova vs Louisville,Villanova vs. Louisville,0.99,0.983,0.02,0.017,https://kalshi.com/markets/kxncaafgame/kxncaafgame-26sep11villlou,https://polymarket.com/event/cfb-vill-lou-2026-09-11
maine,merrimack,Merrimack vs Maine,Merrimack vs. Maine,0.8,0.795,0.22,0.205,https://kalshi.com/markets/kxncaafgame/kxncaafgame-26sep12mrmkme,https://polymarket.com/event/cfb-merri-maine-2026-09-12
marshall,middle tennessee,Middle Tennessee vs Marshall,Middle Tennessee vs. Marshall,0.83,0.825,0.18,0.175,https://kalshi.com/markets/kxncaafgame/kxncaafgame-26sep12mtumrsh,https://polymarket.com/event/cfb-mtnst-marsh-2026-09-12
maryland,uconn,Maryland vs UConn,Maryland vs. UConn,0.82,0.805,0.19,0.195,https://kalshi.com/markets/kxncaafgame/kxncaafgame-26sep12mdconn,https://polymarket.com/event/cfb-mary-uconn-2026-09-12
mcneese,tarleton state,Tarleton St. vs McNeese,Tarleton State vs. McNeese,0.1,0.085,0.91,0.915,https://kalshi.com/markets/kxncaafgame/kxncaafgame-26sep12tarlmcns,https://polymarket.com/event/cfb-tarl-mcnst-2026-09-12
mercyhurst,new mexico,Mercyhurst vs New Mexico,Mercyhurst vs. New Mexico,0.01,0.008,1.0,0.992,https://kalshi.com/markets/kxncaafgame/kxncaafgame-26sep12mhuunm,https://polymarket.com/event/cfb-mhud34ce7-nmx-2026-09-12
merrimack,tarleton state,Merrimack vs Tarleton St.,Merrimack vs. Tarleton State,0.06,0.055,0.96,0.945,https://kalshi.com/markets/kxncaafgame/kxncaafgame-26sep19mrmktarl,https://polymarket.com/event/cfb-merri-tarl-2026-09-19
michigan,oklahoma,Oklahoma vs Michigan,Oklahoma vs. Michigan,0.34,0.335,0.67,0.665,https://kalshi.com/markets/kxncaafgame/kxncaafgame-26sep12oklamich,https://polymarket.com/event/cfb-okl-mich-2026-09-12
minnesota,mississippi state,Mississippi St. vs Minnesota,Mississippi State vs. Minnesota,0.5,0.495,0.51,0.505,https://kalshi.com/markets/kxncaafgame/kxncaafgame-26sep12msstminn,https://polymarket.com/event/cfb-mspst-minnst-2026-09-12
mississippi state,south carolina,Mississippi St. vs South Carolina,Mississippi State vs. South Carolina,0.35,0.32,0.7,0.68,https://kalshi.com/markets/kxncaafgame/kxncaafgame-26sep19msstscar,https://polymarket.com/event/cfb-mspst-sc-2026-09-19
monmouth,western michigan,Monmouth vs Western Michigan,Monmouth vs. Western Michigan,0.05,0.04,0.96,0.96,https://kalshi.com/markets/kxncaafgame/kxncaafgame-26sep12monmwmu,https://polymarket.com/event/cfb-monm-wmich-2026-09-12
montana,utah tech,Utah Tech vs Montana,Utah Tech vs. Montana,0.98,0.984,0.02,0.016,https://kalshi.com/markets/kxncaafgame/kxncaafgame-26sep12utumont,https://polymarket.com/event/cfb-dxst-mont-2026-09-12
montana state,nevada,Montana St. vs Nevada,Montana State vs. Nevada,0.6,0.605,0.41,0.395,https://kalshi.com/markets/kxncaafgame/kxncaafgame-26sep12mtstnev,https://polymarket.com/event/cfb-monst-nevada-2026-09-12
murray state,valparaiso,Valparaiso vs Murray St.,Valparaiso vs. Murray State,0.85,0.825,0.21,0.175,https://kalshi.com/markets/kxncaafgame/kxncaafgame-26sep12valpmurr,https://polymarket.com/event/cfb-valp-murst-2026-09-12
new hampshire,stonehill,Stonehill vs New Hampshire,Stonehill vs. New Hampshire,0.83,0.82,0.2,0.18,https://kalshi.com/markets/kxncaafgame/kxncaafgame-26sep12stnhunh,https://polymarket.com/event/cfb-stnh-nhamp-2026-09-12
new haven,south dakota state,New Haven vs South Dakota St.,New Haven vs. South Dakota State,0.02,0.0265,0.98,0.9735,https://kalshi.com/markets/kxncaafgame/kxncaafgame-26sep12nhcsdst,https://polymarket.com/event/cfb-nhc-sdkst-2026-09-12
nicholls state,sam houston,Nicholls St. vs Sam Houston,Nicholls State vs. Sam Houston,0.41,0.23,0.74,0.77,https://kalshi.com/markets/kxncaafgame/kxncaafgame-26sep19nichshsu,https://polymarket.com/event/cfb-nichls-smho-2026-09-19
nicholls state,ut rio grande valley,UT Rio Grande Valley vs Nicholls St.,UT Rio Grande Valley vs. Nicholls State,0.34,0.315,0.7,0.685,https://kalshi.com/markets/kxncaafgame/kxncaafgame-26sep12utrgvnich,https://polymarket.com/event/cfb-utrgv-nichls-2026-09-12
norfolk state,virginia,Norfolk St. vs Virginia,Norfolk State vs. Virginia,0.01,0.005,1.0,0.995,https://kalshi.com/markets/kxncaafgame/kxncaafgame-26sep11norfuva,https://polymarket.com/event/cfb-norfst-vir-2026-09-11
north alabama,southeastern louisiana,North Alabama vs Southeastern Louisiana,North Alabama vs. Southeastern Louisiana,0.37,0.34,0.66,0.66,https://kalshi.com/markets/kxncaafgame/kxncaafgame-26sep12unasela,https://polymarket.com/event/cfb-nal-selou-2026-09-12
north carolina a and t,north carolina central,North Carolina A&T vs North Carolina Central,North Carolina A&T vs. North Carolina Central,0.09,0.075,0.93,0.925,https://kalshi.com/markets/kxncaafgame/kxncaafgame-26sep12ncatnccu,https://polymarket.com/event/cfb-ncat-ncc-2026-09-12
north carolina state,richmond,Richmond vs North Carolina St.,Richmond vs. NC State,0.98,0.978,0.03,0.022,https://kalshi.com/markets/kxncaafgame/kxncaafgame-26sep11richncst,https://polymarket.com/event/cfb-rich-ncst-2026-09-11
north dakota,portland state,North Dakota vs Portland St.,North Dakota vs. Portland State,0.96,0.9515,0.05,0.0485,https://kalshi.com/markets/kxncaafgame/kxncaafgame-26sep12undprst,https://polymarket.com/event/cfb-ndak-portst-2026-09-12
north texas,unlv,UNLV vs North Texas,UNLV vs. North Texas,0.41,0.395,0.6,0.605,https://kalshi.com/markets/kxncaafgame/kxncaafgame-26sep12unlvunt,https://polymarket.com/event/cfb-unlv-ntx-2026-09-12
northern colorado,wyoming,Northern Colorado vs Wyoming,Northern Colorado vs. Wyoming,0.06,0.065,0.95,0.935,https://kalshi.com/markets/kxncaafgame/kxncaafgame-26sep12uncowyo,https://polymarket.com/event/cfb-ncol-wyom-2026-09-12
notre dame,rice,Rice vs Notre Dame,Rice vs. Notre Dame,1.0,0.9955,0.01,0.0045,https://kalshi.com/markets/kxncaafgame/kxncaafgame-26sep12ricend,https://polymarket.com/event/cfb-rice-nd-2026-09-12
ohio state,texas,Ohio St. vs Texas,Ohio State vs. Texas,0.47,0.465,0.54,0.535,https://kalshi.com/markets/kxncaafgame/kxncaafgame-26sep12osutex,https://polymarket.com/event/cfb-ohiost-tx-2026-09-12
oklahoma state,oregon,Oregon vs Oklahoma St.,Oregon vs. Oklahoma State,0.07,0.065,0.94,0.935,https://kalshi.com/markets/kxncaafgame/kxncaafgame-26sep12oreokst,https://polymarket.com/event/cfb-ore-okst-2026-09-12
old dominion,virginia tech,Old Dominion vs Virginia Tech,Old Dominion vs. Virginia Tech,0.11,0.105,0.91,0.895,https://kalshi.com/markets/kxncaafgame/kxncaafgame-26sep12oduvt,https://polymarket.com/event/cfb-old-vtech-2026-09-12
oregon state,texas tech,Texas Tech vs Oregon St.,Texas Tech vs. Oregon State,0.06,0.055,0.96,0.945,https://kalshi.com/markets/kxncaafgame/kxncaafgame-26sep12ttuorst,https://polymarket.com/event/cfb-txtech-oregst-2026-09-12
penn state,temple,Penn St. vs Temple,Penn State vs. Temple,0.95,0.945,0.05,0.055,https://kalshi.com/markets/kxncaafgame/kxncaafgame-26sep12psutem,https://polymarket.com/event/cfb-pennst-templ-2026-09-12
pittsburgh,ucf,UCF vs Pittsburgh,UCF vs. Pittsburgh,0.72,0.705,0.29,0.295,https://kalshi.com/markets/kxncaafgame/kxncaafgame-26sep12ucfpitt,https://polymarket.com/event/cfb-ucf-pitt-2026-09-12
purdue,wake forest,Wake Forest vs Purdue,Wake Forest vs. Purdue,0.42,0.415,0.59,0.585,https://kalshi.com/markets/kxncaafgame/kxncaafgame-26sep12wakepur,https://polymarket.com/event/cfb-wake-pur-2026-09-12
sacred heart,umass,Sacred Heart vs UMass,Sacred Heart vs. UMass,0.06,0.06,0.94,0.94,https://kalshi.com/markets/kxncaafgame/kxncaafgame-26sep12shumass,https://polymarket.com/event/cfb-sacred-umass-2026-09-12
sam houston,tulsa,Tulsa vs Sam Houston,Tulsa vs. Sam Houston,0.18,0.18,0.83,0.82,https://kalshi.com/markets/kxncaafgame/kxncaafgame-26sep12tlsashsu,https://polymarket.com/event/cfb-tulsa-smho-2026-09-12
samford,tennessee tech,Samford vs Tennessee Tech,Samford vs. Tennessee Tech,0.07,0.055,0.95,0.945,https://kalshi.com/markets/kxncaafgame/kxncaafgame-26sep12samtntc,https://polymarket.com/event/cfb-samf-tentch-2026-09-12
san diego state,ucla,San Diego St. vs UCLA,San Diego State vs. UCLA,0.2,0.195,0.82,0.805,https://kalshi.com/markets/kxncaafgame/kxncaafgame-26sep12sdsuucla,https://polymarket.com/event/cfb-sdst-ucla-2026-09-12
smu,uc davis,UC Davis vs SMU,UC Davis vs. SMU,0.96,0.953,0.05,0.047,https://kalshi.com/markets/kxncaafgame/kxncaafgame-26sep12ucdsmu,https://polymarket.com/event/cfb-ucdv-smu-2026-09-12
south alabama,tulane,South Alabama vs Tulane,South Alabama vs. Tulane,0.24,0.235,0.76,0.765,https://kalshi.com/markets/kxncaafgame/kxncaafgame-26sep12usatuln,https://polymarket.com/event/cfb-sala-tulane-2026-09-12
south carolina,towson,Towson vs South Carolina,Towson vs. South Carolina,1.0,0.9885,0.01,0.0115,https://kalshi.com/markets/kxncaafgame/kxncaafgame-26sep12towsscar,https://polymarket.com/event/cfb-tows-sc-2026-09-12
southeast missouri state,southern illinois,Southeast Missouri St. vs Southern Illinois,Southeast Missouri State vs. Southern Illinois,0.3,0.285,0.73,0.715,https://kalshi.com/markets/kxncaafgame/kxncaafgame-26sep12semosiu,https://polymarket.com/event/cfb-semst-sill-2026-09-12
tennessee martin,west virginia,Tennessee-Martin vs West Virginia,Tennessee-Martin vs. West Virginia,0.01,0.0075,1.0,0.9925,https://kalshi.com/markets/kxncaafgame/kxncaafgame-26sep12utmwvu,https://polymarket.com/event/cfb-tmrt-wvir-2026-09-12
texas southern,utep,Texas Southern vs UTEP,Texas Southern vs. UTEP,0.04,0.03,0.97,0.97,https://kalshi.com/markets/kxncaafgame/kxncaafgame-26sep12txsoutep,https://polymarket.com/event/cfb-txs-utep-2026-09-12
texas state,utsa,UTSA vs Texas St.,UTSA vs. Texas State,0.55,0.535,0.46,0.465,https://kalshi.com/markets/kxncaafgame/kxncaafgame-26sep12utsatxst,https://polymarket.com/event/cfb-utsa-txst-2026-09-12
utah state,washington,Utah St. vs Washington,Utah State vs. Washington,0.04,0.04,0.96,0.96,https://kalshi.com/markets/kxncaafgame/kxncaafgame-26sep12usuwash,https://polymarket.com/event/cfb-utahst-wash-2026-09-12
western illinois,wisconsin,Western Illinois vs Wisconsin,Western Illinois vs. Wisconsin,0.02,0.016,0.99,0.984,https://kalshi.com/markets/kxncaafgame/kxncaafgame-26sep12wiuwis,https://polymarket.com/event/cfb-will-wisc-2026-09-12
